Analyte (CAS No.),CAS No.,"Resident Soil
(mg/kg)",key,"Industrial Soil
(mg/kg)",key,"Resident Air
(ug/m3)",key,"Industrial Air
(ug/m3)",key,"Tapwater
(ug/L)",key,"MCL
(ug/L)","Risk-based
SSL
(mg/kg)",key,"MCL-based
SSL
(mg/kg)",Analyte
Acenaphthene (83-32-9),83-32-9,360,n,4500,n,        ,,        ,,53,n,,0.55,n,,Acenaphthene
Aluminum metaphosphate (13776-88-0),13776-88-0,380000,nm,5700000,nm,        ,,        ,,97000,n,,        ,n,,Aluminum metaphosphate
Ammonium Perchlorate (7790-98-9),7790-98-9,5.5,n,82,n,        ,,        ,,1.4,n,,        ,n,,Ammonium Perchlorate
Ammonium polyphosphate (68333-79-9),68333-79-9,380000,nm,5700000,nm,        ,,        ,,97000,n,,        ,n,,Ammonium polyphosphate
Anthracene (120-12-7),120-12-7,1800,n,23000,n,        ,,        ,,180,n,,5.8,n,,Anthracene
Aroclor 1016 (12674-11-2),12674-11-2,0.41,n,5.1,n,0.14,c,0.61,c,0.14,n,,0.013,n,,Aroclor 1016
Aroclor 1221 (11104-28-2),11104-28-2,0.2,c,0.83,c,0.0049,c,0.021,c,0.0047,c,,8E-05,c,,Aroclor 1221
Aroclor 1232 (11141-16-5),11141-16-5,0.17,c,0.72,c,0.0049,c,0.021,c,0.0047,c,,8E-05,c,,Aroclor 1232
Aroclor 1242 (53469-21-9),53469-21-9,0.23,c,0.95,c,0.0049,c,0.021,c,0.0078,c,,0.0012,c,,Aroclor 1242
Aroclor 1248 (12672-29-6),12672-29-6,0.23,c,0.95,c,0.0049,c,0.021,c,0.0078,c,,0.0012,c,,Aroclor 1248
Aroclor 1254 (11097-69-1),11097-69-1,0.12,n,0.97,c**,0.0049,c,0.021,c,0.0078,c**,,0.002,c**,,Aroclor 1254
Aroclor 1260 (11096-82-5),11096-82-5,0.24,c,0.99,c,0.0049,c,0.021,c,0.0078,c,,0.0055,c,,Aroclor 1260
Aroclor 5460 (11126-42-4),11126-42-4,3.5,n,44,n,        ,,        ,,1.2,n,,0.2,n,,Aroclor 5460
Benz[a]anthracene (56-55-3),56-55-3,1.1,c,21,c,0.017,c,0.2,c,0.03,c,,0.011,c,,Benz[a]anthracene
Benzo(j)fluoranthene (205-82-3),205-82-3,0.42,c,1.8,c,0.026,c,0.11,c,0.065,c,,0.078,c,,Benzo(j)fluoranthene
Benzo[a]pyrene (50-32-8),50-32-8,0.11,c*,2.1,c*,0.00021,n,0.00088,n,0.025,c*,0.2,0.029,c*,0.24,Benzo[a]pyrene
Benzo[b]fluoranthene (205-99-2),205-99-2,1.1,c,21,c,0.017,c,0.2,c,0.25,c,,0.3,c,,Benzo[b]fluoranthene
Benzo[k]fluoranthene (207-08-9),207-08-9,11,c,210,c,0.17,c,2,c,2.5,c,,2.9,c,,Benzo[k]fluoranthene
Bis(2-ethylhexyl)phthalate (117-81-7),117-81-7,39,c**,160,c*,1.2,c,5.1,c,5.6,c**,6,1.3,c**,1.4,Bis(2-ethylhexyl)phthalate
Butyl Benzyl Phthalate (85-68-7),85-68-7,290,c**,1200,c*,        ,,        ,,16,c*,,0.24,c*,,Butyl Benzyl Phthalate
Butylphthalyl Butylglycolate (85-70-1),85-70-1,6300,n,82000,n,        ,,        ,,1300,n,,31,n,,Butylphthalyl Butylglycolate
Calcium Cyanide (592-01-8),592-01-8,7.8,n,120,n,        ,,        ,,2,n,,        ,n,,Calcium Cyanide
Calcium pyrophosphate (7790-76-3),7790-76-3,380000,nm,5700000,nm,        ,,        ,,97000,n,,        ,n,,Calcium pyrophosphate
"Chloronaphthalene, Beta- (91-58-7)",91-58-7,480,n,6000,n,        ,,        ,,75,n,,0.39,n,,"Chloronaphthalene, Beta-"
Chrysene (218-01-9),218-01-9,110,c,2100,c,1.7,c,20,c,25,c,,9,c,,Chrysene
Copper Cyanide (544-92-3),544-92-3,39,n,580,n,        ,,        ,,10,n,,        ,n,,Copper Cyanide
Cyanide (CN-) (57-12-5),57-12-5,2.3,n,15,n,0.083,n,0.35,n,0.15,n,200,0.0015,n,2,Cyanide (CN-)
Cyanogen (460-19-5),460-19-5,7.8,n,120,n,        ,,        ,,2,n,,        ,n,,Cyanogen
Cyanogen Bromide (506-68-3),506-68-3,700,n,11000,n,        ,,        ,,180,n,,        ,n,,Cyanogen Bromide
Cyanogen Chloride (506-77-4),506-77-4,390,n,5800,n,        ,,        ,,100,n,,        ,n,,Cyanogen Chloride
Diammonium phosphate (7783-28-0),7783-28-0,380000,nm,5700000,nm,        ,,        ,,97000,n,,        ,n,,Diammonium phosphate
"Dibenz[a,h]anthracene (53-70-3)",53-70-3,0.11,c,2.1,c,0.0017,c,0.02,c,0.025,c,,0.096,c,,"Dibenz[a,h]anthracene"
"Dibenzo(a,e)pyrene (192-65-4)",192-65-4,0.042,c,0.18,c,0.0026,c,0.011,c,0.0065,c,,0.084,c,,"Dibenzo(a,e)pyrene"
Dibenzofuran (132-64-9),132-64-9,7.3,n,100,n,        ,,        ,,0.79,n,,0.015,n,,Dibenzofuran
Dibutyl Phthalate (84-74-2),84-74-2,630,n,8200,n,        ,,        ,,90,n,,0.23,n,,Dibutyl Phthalate
Dicalcium phosphate (7757-93-9),7757-93-9,380000,nm,5700000,nm,        ,,        ,,97000,n,,        ,n,,Dicalcium phosphate
Diethyl Phthalate (84-66-2),84-66-2,5100,n,66000,n,        ,,        ,,1500,n,,0.61,n,,Diethyl Phthalate
Dimagnesium phosphate (7782-75-4),7782-75-4,380000,nm,5700000,nm,        ,,        ,,97000,n,,        ,n,,Dimagnesium phosphate
"Dimethylbenz(a)anthracene, 7,12- (57-97-6)",57-97-6,0.00046,c,0.0084,c,1.4E-05,c,0.00017,c,0.0001,c,,9.9E-05,c,,"Dimethylbenz(a)anthracene, 7,12-"
Dimethylterephthalate (120-61-6),120-61-6,780,n,12000,n,        ,,        ,,190,n,,0.049,n,,Dimethylterephthalate
Dipotassium phosphate (7758-11-4),7758-11-4,380000,nm,5700000,nm,        ,,        ,,97000,n,,        ,n,,Dipotassium phosphate
Disodium phosphate (7558-79-4),7558-79-4,380000,nm,5700000,nm,        ,,        ,,97000,n,,        ,n,,Disodium phosphate
Fluoranthene (206-44-0),206-44-0,240,n,3000,n,        ,,        ,,80,n,,8.9,n,,Fluoranthene
Fluorene (86-73-7),86-73-7,240,n,3000,n,        ,,        ,,29,n,,0.54,n,,Fluorene
Furan (110-00-9),110-00-9,7.3,n,100,n,        ,,        ,,1.9,n,,0.00073,n,,Furan
"Heptachlorobiphenyl, 2,3,3',4,4',5,5'- (PCB 189) (39635-31-9)",39635-31-9,0.13,c**,0.52,c**,0.0025,c*,0.011,c*,0.004,c*,,0.0028,c*,,"Heptachlorobiphenyl, 2,3,3',4,4',5,5'- (PCB 189)"
"Hexachlorobiphenyl, 2,3,3',4,4',5- (PCB 156) (38380-08-4)",38380-08-4,0.12,c**,0.5,c**,0.0025,c*,0.011,c*,0.004,c*,,0.0017,c*,,"Hexachlorobiphenyl, 2,3,3',4,4',5- (PCB 156)"
"Hexachlorobiphenyl, 2,3,3',4,4',5'- (PCB 157) (69782-90-7)",69782-90-7,0.12,c**,0.5,c**,0.0025,c*,0.011,c*,0.004,c*,,0.0017,c*,,"Hexachlorobiphenyl, 2,3,3',4,4',5'- (PCB 157)"
"Hexachlorobiphenyl, 2,3',4,4',5,5'- (PCB 167) (52663-72-6)",52663-72-6,0.12,c**,0.51,c**,0.0025,c*,0.011,c*,0.004,c*,,0.0017,c*,,"Hexachlorobiphenyl, 2,3',4,4',5,5'- (PCB 167)"
"Hexachlorobiphenyl, 3,3',4,4',5,5'- (PCB 169) (32774-16-6)",32774-16-6,0.00012,c**,0.00051,c**,2.5E-06,c*,1.1E-05,c*,4E-06,c*,,1.7E-06,c*,,"Hexachlorobiphenyl, 3,3',4,4',5,5'- (PCB 169)"
"Hexachlorodibenzo-p-dioxin, Mixture ()",,0.0001,c,0.00047,c,2.2E-06,c,9.4E-06,c,1.3E-05,c,,1.7E-05,c,,"Hexachlorodibenzo-p-dioxin, Mixture"
Hydrogen Cyanide (74-90-8),74-90-8,2.3,n,15,n,0.083,n,0.35,n,0.15,n,,0.0015,n,,Hydrogen Cyanide
"Indeno[1,2,3-cd]pyrene (193-39-5)",193-39-5,1.1,c,21,c,0.017,c,0.2,c,0.25,c,,0.98,c,,"Indeno[1,2,3-cd]pyrene"
Lead acetate (301-04-2),301-04-2,64,c,270,c,0.23,c,1,c,9.2,c,,0.0018,c,,Lead acetate
Lead and Compounds (7439-92-1),7439-92-1,400,L,800,L,0.15,L,        ,,15,L,15,        ,L,14,Lead and Compounds
Lead Phosphate (7446-27-7),7446-27-7,82,c,380,c,0.23,c,1,c,9.1,c,,        ,c,,Lead Phosphate
Lead subacetate (1335-32-6),1335-32-6,64,c,270,c,0.23,c,1,c,9.2,c,,0.002,c,,Lead subacetate
Lithium Perchlorate (7791-03-9),7791-03-9,5.5,n,82,n,        ,,        ,,1.4,n,,        ,n,,Lithium Perchlorate
Mercuric Chloride (and other Mercury salts) (7487-94-7),7487-94-7,2.3,n,35,n,0.031,n,0.13,n,0.57,n,2,        ,n,,Mercuric Chloride (and other Mercury salts)
Mercury (elemental) (7439-97-6),7439-97-6,1.1,n,4.6,ns,0.031,n,0.13,n,0.063,n,2,0.0033,n,0.1,Mercury (elemental)
Methyl Mercury (22967-92-6),22967-92-6,0.78,n,12,n,        ,,        ,,0.2,n,,1.4,n,,Methyl Mercury
"Methylnaphthalene, 1- (90-12-0)",90-12-0,18,c*,73,c*,        ,,        ,,1.1,c*,,0.006,c*,,"Methylnaphthalene, 1-"
"Methylnaphthalene, 2- (91-57-6)",91-57-6,24,n,300,n,        ,,        ,,3.6,n,,0.019,n,,"Methylnaphthalene, 2-"
Monoaluminum phosphate (13530-50-2),13530-50-2,380000,nm,5700000,nm,        ,,        ,,97000,n,,        ,n,,Monoaluminum phosphate
Monoammonium phosphate (7722-76-1),7722-76-1,380000,nm,5700000,nm,        ,,        ,,97000,n,,        ,n,,Monoammonium phosphate
Monocalcium phosphate (7758-23-8),7758-23-8,380000,nm,5700000,nm,        ,,        ,,97000,n,,        ,n,,Monocalcium phosphate
Monomagnesium phosphate (7757-86-0),7757-86-0,380000,nm,5700000,nm,        ,,        ,,97000,n,,        ,n,,Monomagnesium phosphate
Monopotassium phosphate (7778-77-0),7778-77-0,380000,nm,5700000,nm,        ,,        ,,97000,n,,        ,n,,Monopotassium phosphate
Monosodium phosphate (7558-80-7),7558-80-7,380000,nm,5700000,nm,        ,,        ,,97000,n,,        ,n,,Monosodium phosphate
Naphthalene (91-20-3),91-20-3,3.8,c**,17,c**,0.083,c**,0.36,c**,0.17,c**,,0.00054,c**,,Naphthalene
"Nitropyrene, 4- (57835-92-4)",57835-92-4,0.42,c,1.8,c,0.026,c,0.11,c,0.019,c,,0.0033,c,,"Nitropyrene, 4-"
"Octyl Phthalate, di-N- (117-84-0)",117-84-0,63,n,820,n,        ,,        ,,20,n,,5.7,n,,"Octyl Phthalate, di-N-"
"Pentachlorobiphenyl, 2,3,3',4,4'- (PCB 105) (32598-14-4)",32598-14-4,0.12,c**,0.49,c**,0.0025,c*,0.011,c*,0.004,c*,,0.001,c*,,"Pentachlorobiphenyl, 2,3,3',4,4'- (PCB 105)"
"Pentachlorobiphenyl, 2,3,4,4',5- (PCB 114) (74472-37-0)",74472-37-0,0.12,c**,0.5,c**,0.0025,c*,0.011,c*,0.004,c*,,0.001,c*,,"Pentachlorobiphenyl, 2,3,4,4',5- (PCB 114)"
"Pentachlorobiphenyl, 2,3',4,4',5- (PCB 118) (31508-00-6)",31508-00-6,0.12,c**,0.49,c**,0.0025,c*,0.011,c*,0.004,c*,,0.001,c*,,"Pentachlorobiphenyl, 2,3',4,4',5- (PCB 118)"
"Pentachlorobiphenyl, 2',3,4,4',5- (PCB 123) (65510-44-3)",65510-44-3,0.12,c**,0.49,c**,0.0025,c*,0.011,c*,0.004,c*,,0.001,c*,,"Pentachlorobiphenyl, 2',3,4,4',5- (PCB 123)"
"Pentachlorobiphenyl, 3,3',4,4',5- (PCB 126) (57465-28-8)",57465-28-8,3.6E-05,c**,0.00015,c**,7.4E-07,c*,3.2E-06,c*,1.2E-06,c*,,3E-07,c*,,"Pentachlorobiphenyl, 3,3',4,4',5- (PCB 126)"
Perchlorate and Perchlorate Salts (14797-73-0),14797-73-0,5.5,n,82,n,        ,,        ,,1.4,n,1.5E+01(F),        ,n,,Perchlorate and Perchlorate Salts
Phenylmercuric Acetate (62-38-4),62-38-4,0.51,n,6.6,n,        ,,        ,,0.16,n,,5E-05,n,,Phenylmercuric Acetate
"Phthalic Acid, P- (100-21-0)",100-21-0,6300,n,82000,n,        ,,        ,,1900,n,,0.68,n,,"Phthalic Acid, P-"
Phthalic Anhydride (85-44-9),85-44-9,13000,n,160000,nm,2.1,n,8.8,n,3900,n,,0.85,n,,Phthalic Anhydride
Polychlorinated Biphenyls (high risk) (1336-36-3),1336-36-3,0.23,c,0.94,c,0.0049,c,0.021,c,        ,,0.5,        ,,,Polychlorinated Biphenyls (high risk)
Polychlorinated Biphenyls (low risk) (1336-36-3),1336-36-3,        ,,        ,,0.028,c,0.12,c,0.044,c,0.5,0.0068,c,0.078,Polychlorinated Biphenyls (low risk)
Polychlorinated Biphenyls (lowest risk) (1336-36-3),1336-36-3,        ,,        ,,0.14,c,0.61,c,        ,,0.5,        ,,,Polychlorinated Biphenyls (lowest risk)
Polyphosphoric acid (8017-16-1),8017-16-1,380000,nm,5700000,nm,        ,,        ,,97000,n,,        ,n,,Polyphosphoric acid
Potassium Cyanide (151-50-8),151-50-8,16,n,230,n,        ,,        ,,4,n,,        ,n,,Potassium Cyanide
Potassium Perchlorate (7778-74-7),7778-74-7,5.5,n,82,n,        ,,        ,,1.4,n,,        ,n,,Potassium Perchlorate
Potassium Silver Cyanide (506-61-6),506-61-6,39,n,580,n,        ,,        ,,8.2,n,,        ,n,,Potassium Silver Cyanide
Potassium tripolyphosphate (13845-36-8),13845-36-8,380000,nm,5700000,nm,        ,,        ,,97000,n,,        ,n,,Potassium tripolyphosphate
Pyrene (129-00-0),129-00-0,180,n,2300,n,        ,,        ,,12,n,,1.3,n,,Pyrene
Silver Cyanide (506-64-9),506-64-9,780,n,12000,n,        ,,        ,,180,n,,        ,n,,Silver Cyanide
Sodium acid pyrophosphate (7758-16-9),7758-16-9,380000,nm,5700000,nm,        ,,        ,,97000,n,,        ,n,,Sodium acid pyrophosphate
Sodium aluminum phosphate (acidic) (7785-88-8),7785-88-8,380000,nm,5700000,nm,        ,,        ,,97000,n,,        ,n,,Sodium aluminum phosphate (acidic)
Sodium aluminum phosphate (anhydrous) (10279-59-1),10279-59-1,380000,nm,5700000,nm,        ,,        ,,97000,n,,        ,n,,Sodium aluminum phosphate (anhydrous)
Sodium aluminum phosphate (tetrahydrate) (10305-76-7),10305-76-7,380000,nm,5700000,nm,        ,,        ,,97000,n,,        ,n,,Sodium aluminum phosphate (tetrahydrate)
Sodium Cyanide (143-33-9),143-33-9,7.8,n,120,n,        ,,        ,,2,n,200,        ,n,,Sodium Cyanide
Sodium hexametaphosphate (10124-56-8),10124-56-8,380000,nm,5700000,nm,        ,,        ,,97000,n,,        ,n,,Sodium hexametaphosphate
Sodium Perchlorate (7601-89-0),7601-89-0,5.5,n,82,n,        ,,        ,,1.4,n,,        ,n,,Sodium Perchlorate
Sodium polyphosphate (68915-31-1),68915-31-1,380000,nm,5700000,nm,        ,,        ,,97000,n,,        ,n,,Sodium polyphosphate
Sodium trimetaphosphate (7785-84-4),7785-84-4,380000,nm,5700000,nm,        ,,        ,,97000,n,,        ,n,,Sodium trimetaphosphate
Sodium tripolyphosphate (7758-29-4),7758-29-4,380000,nm,5700000,nm,        ,,        ,,97000,n,,        ,n,,Sodium tripolyphosphate
"TCDD, 2,3,7,8- (1746-01-6)",1746-01-6,4.8E-06,c**,2.2E-05,c**,7.4E-08,c*,3.2E-07,c*,1.2E-07,c*,3E-05,5.9E-08,c*,1.5E-05,"TCDD, 2,3,7,8-"
"Tetrachlorobiphenyl, 3,3',4,4'- (PCB 77) (32598-13-3)",32598-13-3,0.038,c**,0.16,c**,0.00074,c*,0.0032,c*,0.006,c**,,0.00094,c**,,"Tetrachlorobiphenyl, 3,3',4,4'- (PCB 77)"
"Tetrachlorobiphenyl, 3,4,4',5- (PCB 81) (70362-50-4)",70362-50-4,0.012,c**,0.048,c**,0.00025,c*,0.0011,c*,0.0004,c*,,6.2E-05,c*,,"Tetrachlorobiphenyl, 3,4,4',5- (PCB 81)"
Tetraethyl Lead (78-00-2),78-00-2,0.00078,n,0.012,n,        ,,        ,,0.00013,n,,4.7E-07,n,,Tetraethyl Lead
Tetrahydrofuran (109-99-9),109-99-9,1800,n,9400,n,210,n,880,n,340,n,,0.075,n,,Tetrahydrofuran
Tetrapotassium phosphate (7320-34-5),7320-34-5,380000,nm,5700000,nm,        ,,        ,,97000,n,,        ,n,,Tetrapotassium phosphate
Tetrasodium pyrophosphate (7722-88-5),7722-88-5,380000,nm,5700000,nm,        ,,        ,,97000,n,,        ,n,,Tetrasodium pyrophosphate
Thiocyanates (E1790664),E1790664,1.6,n,23,n,        ,,        ,,0.4,n,,        ,n,,Thiocyanates
Thiocyanic Acid (463-56-9),463-56-9,1.6,n,23,n,        ,,        ,,0.4,n,,        ,n,,Thiocyanic Acid
Trialuminum sodium tetra decahydrogenoctaorthophosphate (dihydrate) (15136-87-5),15136-87-5,380000,nm,5700000,nm,        ,,        ,,97000,n,,        ,n,,Trialuminum sodium tetra decahydrogenoctaorthophosphate (dihydrate)
Tricalcium phosphate (7758-87-4),7758-87-4,380000,nm,5700000,nm,        ,,        ,,97000,n,,        ,n,,Tricalcium phosphate
Trimagnesium phosphate (7757-87-1),7757-87-1,380000,nm,5700000,nm,        ,,        ,,97000,n,,        ,n,,Trimagnesium phosphate
Tripotassium phosphate (7778-53-2),7778-53-2,380000,nm,5700000,nm,        ,,        ,,97000,n,,        ,n,,Tripotassium phosphate
Trisodium phosphate (7601-54-9),7601-54-9,380000,nm,5700000,nm,        ,,        ,,97000,n,,        ,n,,Trisodium phosphate
Zinc Cyanide (557-21-1),557-21-1,390,n,5800,n,        ,,        ,,100,n,,        ,n,,Zinc Cyanide
Acephate (30560-19-1),30560-19-1,7.6,n,98,n,        ,,        ,,2.4,n,,0.00053,n,,Acephate
Acetaldehyde (75-07-0),75-07-0,8.2,n,34,n,0.94,n,3.9,n,1.9,n,,0.00038,n,,Acetaldehyde
Acetochlor (34256-82-1),34256-82-1,130,n,1600,n,        ,,        ,,35,n,,0.028,n,,Acetochlor
Acetone (67-64-1),67-64-1,6100,n,67000,n,3200,n,14000,n,1400,n,,0.29,n,,Acetone
Acetone Cyanohydrin (75-86-5),75-86-5,280000,nm,1200000,nm,0.21,n,0.88,n,        ,,,        ,,,Acetone Cyanohydrin
Acetonitrile (75-05-8),75-05-8,81,n,340,n,6.3,n,26,n,13,n,,0.0026,n,,Acetonitrile
Acetophenone (98-86-2),98-86-2,780,n,12000,ns,        ,,        ,,190,n,,0.058,n,,Acetophenone
"Acetylaminofluorene, 2- (53-96-3)",53-96-3,0.14,c,0.6,c,0.0022,c,0.0094,c,0.016,c,,7.2E-05,c,,"Acetylaminofluorene, 2-"
Acrolein (107-02-8),107-02-8,0.014,n,0.06,n,0.0021,n,0.0088,n,0.0042,n,,8.4E-07,n,,Acrolein
Acrylamide (79-06-1),79-06-1,0.24,c*,4.6,c*,0.01,c*,0.12,c*,0.05,c*,,1.1E-05,c*,,Acrylamide
Acrylic Acid (79-10-7),79-10-7,9.9,n,42,n,0.1,n,0.44,n,0.21,n,,4.2E-05,n,,Acrylic Acid
Acrylonitrile (107-13-1),107-13-1,0.25,c**,1.1,c**,0.041,c**,0.18,c**,0.052,c**,,1.1E-05,c**,,Acrylonitrile
Adiponitrile (111-69-3),111-69-3,850000,nm,3600000,nm,0.63,n,2.6,n,        ,,,        ,,,Adiponitrile
Alachlor (15972-60-8),15972-60-8,9.7,c**,41,c*,        ,,        ,,1.1,c*,2,0.00087,c*,0.0016,Alachlor
Aldicarb (116-06-3),116-06-3,6.3,n,82,n,        ,,        ,,2,n,3,0.00049,n,0.00075,Aldicarb
Aldicarb Sulfone (1646-88-4),1646-88-4,6.3,n,82,n,        ,,        ,,2,n,2,0.00044,n,0.00044,Aldicarb Sulfone
Aldicarb sulfoxide (1646-87-3),1646-87-3,        ,,        ,,        ,,        ,,        ,,4,        ,,0.00088,Aldicarb sulfoxide
Aldrin (309-00-2),309-00-2,0.039,c**,0.18,c*,0.00057,c,0.0025,c,0.00092,c*,,0.00015,c*,,Aldrin
Allyl Alcohol (107-18-6),107-18-6,0.35,n,1.5,n,0.01,n,0.044,n,0.021,n,,4.2E-06,n,,Allyl Alcohol
Allyl Chloride (107-05-1),107-05-1,0.17,n,0.69,n,0.1,n,0.44,n,0.21,n,,6.7E-05,n,,Allyl Chloride
Aluminum (7429-90-5),7429-90-5,7700,n,110000,nm,0.52,n,2.2,n,2000,n,,3000,n,,Aluminum
Aluminum Phosphide (20859-73-8),20859-73-8,3.1,n,47,n,        ,,        ,,0.8,n,,        ,n,,Aluminum Phosphide
Ametryn (834-12-8),834-12-8,57,n,740,n,        ,,        ,,15,n,,0.016,n,,Ametryn
"Aminobiphenyl, 4- (92-67-1)",92-67-1,0.026,c,0.11,c,0.00047,c,0.002,c,0.003,c,,1.5E-05,c,,"Aminobiphenyl, 4-"
"Aminophenol, m- (591-27-5)",591-27-5,510,n,6600,n,        ,,        ,,160,n,,0.061,n,,"Aminophenol, m-"
"Aminophenol, o- (95-55-6)",95-55-6,25,n,330,n,        ,,        ,,7.9,n,,0.003,n,,"Aminophenol, o-"
"Aminophenol, p- (123-30-8)",123-30-8,130,n,1600,n,        ,,        ,,40,n,,0.015,n,,"Aminophenol, p-"
Amitraz (33089-61-1),33089-61-1,16,n,210,n,        ,,        ,,0.82,n,,0.42,n,,Amitraz
Ammonia (7664-41-7),7664-41-7,        ,,        ,,52,n,220,n,        ,,,        ,,,Ammonia
Ammonium Sulfamate (7773-06-0),7773-06-0,1600,n,23000,n,        ,,        ,,400,n,,        ,n,,Ammonium Sulfamate
"Amyl Alcohol, tert- (75-85-4)",75-85-4,8.2,n,34,n,0.31,n,1.3,n,0.63,n,,0.00013,n,,"Amyl Alcohol, tert-"
Aniline (62-53-3),62-53-3,44,n,400,c**,0.1,n,0.44,n,13,c**,,0.0046,c**,,Aniline
"Anthraquinone, 9,10- (84-65-1)",84-65-1,13,n,57,c**,        ,,        ,,1.4,c**,,0.014,c**,,"Anthraquinone, 9,10-"
Antimony (metallic) (7440-36-0),7440-36-0,3.1,n,47,n,        ,,        ,,0.78,n,6,0.035,n,0.27,Antimony (metallic)
Antimony Pentoxide (1314-60-9),1314-60-9,3.9,n,58,n,        ,,        ,,0.97,n,,        ,n,,Antimony Pentoxide
Antimony Tetroxide (1332-81-6),1332-81-6,3.1,n,47,n,        ,,        ,,0.78,n,,        ,n,,Antimony Tetroxide
Antimony Trioxide (1309-64-4),1309-64-4,28000,n,120000,nm,0.021,n,0.088,n,        ,,,        ,,,Antimony Trioxide
"Arsenic, Inorganic (7440-38-2)",7440-38-2,0.68,c**R,3,c*R,0.00065,c**,0.0029,c**,0.052,c*,10,0.0015,c*,0.29,"Arsenic, Inorganic"
Arsine (7784-42-1),7784-42-1,0.027,n,0.41,n,0.0052,n,0.022,n,0.007,n,,        ,n,,Arsine
Asulam (3337-71-1),3337-71-1,230,n,3000,n,        ,,        ,,72,n,,0.018,n,,Asulam
Atrazine (1912-24-9),1912-24-9,2.4,c*,10,c,        ,,        ,,0.3,c,3,0.0002,c,0.0019,Atrazine
Auramine (492-80-8),492-80-8,0.62,c,2.6,c,0.011,c,0.049,c,0.067,c,,0.00061,c,,Auramine
Avermectin B1 (65195-55-3),65195-55-3,2.5,n,33,n,        ,,        ,,0.8,n,,1.4,n,,Avermectin B1
Azinphos-methyl (86-50-0),86-50-0,19,n,250,n,1,n,4.4,n,5.6,n,,0.0017,n,,Azinphos-methyl
Azobenzene (103-33-3),103-33-3,5.6,c,26,c,0.091,c,0.4,c,0.12,c,,0.00093,c,,Azobenzene
Azodicarbonamide (123-77-3),123-77-3,860,n,4000,n,0.00073,n,0.0031,n,2000,n,,0.68,n,,Azodicarbonamide
Barium (7440-39-3),7440-39-3,1500,n,22000,n,0.052,n,0.22,n,380,n,2000,16,n,82,Barium
Benfluralin (1861-40-1),1861-40-1,39,n,580,n,        ,,        ,,2.8,n,,0.094,n,,Benfluralin
Benomyl (17804-35-2),17804-35-2,320,n,4100,n,        ,,        ,,97,n,,0.085,n,,Benomyl
Bensulfuron-methyl (83055-99-6),83055-99-6,1300,n,16000,n,        ,,        ,,390,n,,0.1,n,,Bensulfuron-methyl
Bentazon (25057-89-0),25057-89-0,190,n,2500,n,        ,,        ,,57,n,,0.012,n,,Bentazon
Benzaldehyde (100-52-7),100-52-7,170,c**,820,c*,        ,,        ,,19,c*,,0.0041,c*,,Benzaldehyde
Benzene (71-43-2),71-43-2,1.2,c**,5.1,c**,0.36,c**,1.6,c**,0.46,c**,5,0.00023,c**,0.0026,Benzene
"Benzenediamine-2-methyl sulfate, 1,4- (6369-59-1)",6369-59-1,1.9,n,23,c**,        ,,        ,,0.6,n,,0.00017,n,,"Benzenediamine-2-methyl sulfate, 1,4-"
Benzenethiol (108-98-5),108-98-5,7.8,n,120,n,        ,,        ,,1.7,n,,0.0011,n,,Benzenethiol
Benzidine (92-87-5),92-87-5,0.00053,c,0.01,c,1.5E-05,c,0.00018,c,0.00011,c,,2.8E-07,c,,Benzidine
Benzoic Acid (65-85-0),65-85-0,25000,n,330000,nm,        ,,        ,,7500,n,,1.5,n,,Benzoic Acid
Benzotrichloride (98-07-7),98-07-7,0.053,c,0.25,c,        ,,        ,,0.003,c,,6.6E-06,c,,Benzotrichloride
Benzyl Alcohol (100-51-6),100-51-6,630,n,8200,n,        ,,        ,,200,n,,0.048,n,,Benzyl Alcohol
Benzyl Chloride (100-44-7),100-44-7,1.1,c**,4.8,c**,0.057,c**,0.25,c**,0.089,c**,,9.8E-05,c**,,Benzyl Chloride
Beryllium and compounds (7440-41-7),7440-41-7,16,n,230,n,0.0012,c**,0.0051,c**,2.5,n,4,1.9,n,3.2,Beryllium and compounds
Bifenox (42576-02-3),42576-02-3,57,n,740,n,        ,,        ,,10,n,,0.076,n,,Bifenox
Biphenthrin (82657-04-3),82657-04-3,95,n,1200,n,        ,,        ,,30,n,,140,n,,Biphenthrin
"Biphenyl, 1,1'- (92-52-4)",92-52-4,4.7,n,20,n,0.042,n,0.18,n,0.083,n,,0.00087,n,,"Biphenyl, 1,1'-"
Bis(2-chloro-1-methylethyl) ether (108-60-1),108-60-1,310,n,4700,ns,        ,,        ,,71,n,,0.026,n,,Bis(2-chloro-1-methylethyl) ether
Bis(2-chloroethoxy)methane (111-91-1),111-91-1,19,n,250,n,        ,,        ,,5.9,n,,0.0013,n,,Bis(2-chloroethoxy)methane
Bis(2-chloroethyl)ether (111-44-4),111-44-4,0.23,c,1,c,0.0085,c,0.037,c,0.014,c,,3.6E-06,c,,Bis(2-chloroethyl)ether
Bis(chloromethyl)ether (542-88-1),542-88-1,8.3E-05,c,0.00036,c,4.5E-05,c,0.0002,c,7.2E-05,c,,1.7E-08,c,,Bis(chloromethyl)ether
Bisphenol A (80-05-7),80-05-7,320,n,4100,n,        ,,        ,,77,n,,5.8,n,,Bisphenol A
Boron And Borates Only (7440-42-8),7440-42-8,1600,n,23000,n,2.1,n,8.8,n,400,n,,1.3,n,,Boron And Borates Only
Boron Trichloride (10294-34-5),10294-34-5,16000,n,230000,nm,2.1,n,8.8,n,4.2,n,,        ,n,,Boron Trichloride
Boron Trifluoride (7637-07-2),7637-07-2,310,n,4700,n,1.4,n,5.7,n,2.6,n,,        ,n,,Boron Trifluoride
Bromate (15541-45-4),15541-45-4,0.99,c*,4.7,c,        ,,        ,,0.11,c*,10,0.00085,c*,0.077,Bromate
"Bromo-2-chloroethane, 1- (107-04-0)",107-04-0,0.026,c,0.11,c,0.0047,c,0.02,c,0.0074,c,,2.1E-06,c,,"Bromo-2-chloroethane, 1-"
"Bromo-3-fluorobenzene, 1- (1073-06-9)",1073-06-9,2.3,n,35,n,        ,,        ,,0.49,n,,0.00047,n,,"Bromo-3-fluorobenzene, 1-"
"Bromo-4-fluorobenzene, 1- (460-00-4)",460-00-4,2.3,n,35,n,        ,,        ,,0.46,n,,0.00044,n,,"Bromo-4-fluorobenzene, 1-"
Bromobenzene (108-86-1),108-86-1,29,n,180,n,6.3,n,26,n,6.2,n,,0.0042,n,,Bromobenzene
Bromochloromethane (74-97-5),74-97-5,15,n,63,n,4.2,n,18,n,8.3,n,,0.0021,n,,Bromochloromethane
Bromodichloromethane (75-27-4),75-27-4,0.29,c,1.3,c,0.076,c,0.33,c,0.13,c,8.0E+01(F),3.6E-05,c,0.022,Bromodichloromethane
Bromoform (75-25-2),75-25-2,19,c**,86,c*,2.6,c,11,c,3.3,c*,8.0E+01(F),0.00087,c*,0.021,Bromoform
Bromomethane (74-83-9),74-83-9,0.68,n,3,n,0.52,n,2.2,n,0.75,n,,0.00019,n,,Bromomethane
Bromophos (2104-96-3),2104-96-3,39,n,580,n,        ,,        ,,3.5,n,,0.015,n,,Bromophos
"Bromopropane, 1- (106-94-5)",106-94-5,22,n,94,n,10,n,44,n,21,n,,0.0064,n,,"Bromopropane, 1-"
Bromoxynil (1689-84-5),1689-84-5,5.3,c*,22,c*,        ,,        ,,0.61,c*,,0.00052,c*,,Bromoxynil
Bromoxynil Octanoate (1689-99-2),1689-99-2,6.7,c*,32,c*,        ,,        ,,0.24,c*,,0.0021,c*,,Bromoxynil Octanoate
"Butadiene, 1,3- (106-99-0)",106-99-0,0.058,c**,0.26,c**,0.094,c**,0.41,c**,0.018,c*,,9.9E-06,c*,,"Butadiene, 1,3-"
"Butanoic acid, 4-(2,4-dichlorophenoxy)- (94-82-6)",94-82-6,190,n,2500,n,        ,,        ,,45,n,,0.042,n,,"Butanoic acid, 4-(2,4-dichlorophenoxy)-"
"Butanol, N- (71-36-3)",71-36-3,780,n,12000,ns,        ,,        ,,200,n,,0.041,n,,"Butanol, N-"
"Butyl alcohol, sec- (78-92-2)",78-92-2,13000,n,150000,nms,3100,n,13000,n,2400,n,,0.5,n,,"Butyl alcohol, sec-"
Butylate (2008-41-5),2008-41-5,390,n,5800,n,        ,,        ,,46,n,,0.045,n,,Butylate
Butylated hydroxyanisole (25013-16-5),25013-16-5,2700,c,11000,c,49,c,220,c,150,c,,0.29,c,,Butylated hydroxyanisole
Butylated hydroxytoluene (128-37-0),128-37-0,150,c*,640,c*,        ,,        ,,3.4,c*,,0.1,c*,,Butylated hydroxytoluene
"Butylbenzene, n- (104-51-8)",104-51-8,390,ns,5800,ns,        ,,        ,,100,n,,0.32,n,,"Butylbenzene, n-"
"Butylbenzene, sec- (135-98-8)",135-98-8,780,ns,12000,ns,        ,,        ,,200,n,,0.59,n,,"Butylbenzene, sec-"
"Butylbenzene, tert- (98-06-6)",98-06-6,780,ns,12000,ns,        ,,        ,,69,n,,0.16,n,,"Butylbenzene, tert-"
Cacodylic Acid (75-60-5),75-60-5,130,n,1600,n,        ,,        ,,40,n,,0.011,n,,Cacodylic Acid
Cadmium (Diet) (7440-43-9),7440-43-9,7.1,n,98,n,        ,,        ,,        ,,,        ,,,Cadmium (Diet)
Cadmium (Water) (7440-43-9),7440-43-9,        ,,        ,,0.001,n,0.0044,n,0.92,n,5,0.069,n,0.38,Cadmium (Water)
Caprolactam (105-60-2),105-60-2,3100,n,40000,n,0.23,n,0.96,n,990,n,,0.25,n,,Caprolactam
Captafol (2425-06-1),2425-06-1,3.6,c**,15,c*,0.065,c,0.29,c,0.4,c**,,0.00071,c**,,Captafol
Captan (133-06-2),133-06-2,240,c**,1000,c*,4.3,c,19,c,31,c**,,0.022,c**,,Captan
Carbaryl (63-25-2),63-25-2,630,n,8200,n,        ,,        ,,180,n,,0.17,n,,Carbaryl
Carbofuran (1563-66-2),1563-66-2,32,n,410,n,        ,,        ,,9.4,n,40,0.0037,n,0.016,Carbofuran
Carbon Disulfide (75-15-0),75-15-0,77,n,350,n,73,n,310,n,81,n,,0.024,n,,Carbon Disulfide
Carbon Tetrachloride (56-23-5),56-23-5,0.65,c*,2.9,c*,0.47,c*,2,c*,0.46,c*,5,0.00018,c*,0.0019,Carbon Tetrachloride
Carbonyl Sulfide (463-58-1),463-58-1,6.7,n,28,n,10,n,44,n,21,n,,0.051,n,,Carbonyl Sulfide
Carbosulfan (55285-14-8),55285-14-8,63,n,820,n,        ,,        ,,5.1,n,,0.12,n,,Carbosulfan
Carboxin (5234-68-4),5234-68-4,630,n,8200,n,        ,,        ,,190,n,,0.1,n,,Carboxin
Ceric oxide (1306-38-3),1306-38-3,130000,nm,540000,nm,0.094,n,0.39,n,        ,,,        ,,,Ceric oxide
Chloral Hydrate (302-17-0),302-17-0,780,n,12000,n,        ,,        ,,200,n,,0.04,n,,Chloral Hydrate
Chloramben (133-90-4),133-90-4,95,n,1200,n,        ,,        ,,29,n,,0.007,n,,Chloramben
Chloranil (118-75-2),118-75-2,1.3,c,5.7,c,        ,,        ,,0.18,c,,0.00015,c,,Chloranil
Chlordane (12789-03-6),12789-03-6,1.7,c**,7.7,c**,0.028,c**,0.12,c**,0.02,c**,2,0.0027,c**,0.27,Chlordane
Chlordecone (Kepone) (143-50-0),143-50-0,0.054,c*,0.23,c,0.00061,c,0.0027,c,0.0035,c*,,0.00012,c*,,Chlordecone (Kepone)
Chlorfenvinphos (470-90-6),470-90-6,4.4,n,57,n,        ,,        ,,1.1,n,,0.0031,n,,Chlorfenvinphos
"Chlorimuron, Ethyl- (90982-32-4)",90982-32-4,570,n,7400,n,        ,,        ,,180,n,,0.06,n,,"Chlorimuron, Ethyl-"
Chlorine (7782-50-5),7782-50-5,0.018,n,0.078,n,0.015,n,0.064,n,0.03,n,,1.4E-05,n,,Chlorine
Chlorine Dioxide (10049-04-4),10049-04-4,230,n,3400,n,0.021,n,0.088,n,0.042,n,,        ,n,,Chlorine Dioxide
Chlorite (Sodium Salt) (7758-19-2),7758-19-2,230,n,3500,n,        ,,        ,,60,n,1000,        ,n,,Chlorite (Sodium Salt)
"Chloro-1,1-difluoroethane, 1- (75-68-3)",75-68-3,5400,ns,23000,ns,5200,n,22000,n,10000,n,,5.2,n,,"Chloro-1,1-difluoroethane, 1-"
"Chloro-1,3-butadiene, 2- (126-99-8)",126-99-8,0.01,c,0.044,c,0.0094,c,0.041,c,0.019,c,,9.8E-06,c,,"Chloro-1,3-butadiene, 2-"
"Chloro-2-methylaniline HCl, 4- (3165-93-3)",3165-93-3,1.2,c,5,c,        ,,        ,,0.17,c,,0.00015,c,,"Chloro-2-methylaniline HCl, 4-"
"Chloro-2-methylaniline, 4- (95-69-2)",95-69-2,5.4,c**,23,c*,0.036,c,0.16,c,0.7,c**,,0.0004,c**,,"Chloro-2-methylaniline, 4-"
"Chloroacetaldehyde, 2- (107-20-0)",107-20-0,2.6,c,12,c,        ,,        ,,0.29,c,,5.8E-05,c,,"Chloroacetaldehyde, 2-"
Chloroacetic Acid (79-11-8),79-11-8,        ,,        ,,        ,,        ,,        ,,60,        ,,0.012,Chloroacetic Acid
"Chloroacetophenone, 2- (532-27-4)",532-27-4,4300,n,18000,n,0.0031,n,0.013,n,        ,,,        ,,,"Chloroacetophenone, 2-"
"Chloroaniline, p- (106-47-8)",106-47-8,2.7,c**,11,c*,        ,,        ,,0.37,c*,,0.00016,c*,,"Chloroaniline, p-"
Chlorobenzene (108-90-7),108-90-7,28,n,130,n,5.2,n,22,n,7.8,n,100,0.0053,n,0.068,Chlorobenzene
"Chlorobenzene sulfonic acid, p- (98-66-8)",98-66-8,630,n,8200,n,        ,,        ,,200,n,,0.047,n,,"Chlorobenzene sulfonic acid, p-"
Chlorobenzilate (510-15-6),510-15-6,4.9,c*,21,c*,0.091,c,0.4,c,0.31,c*,,0.001,c*,,Chlorobenzilate
"Chlorobenzoic Acid, p- (74-11-3)",74-11-3,190,n,2500,n,        ,,        ,,51,n,,0.013,n,,"Chlorobenzoic Acid, p-"
"Chlorobenzotrifluoride, 4- (98-56-6)",98-56-6,21,n,250,n,31,n,130,n,3.5,n,,0.012,n,,"Chlorobenzotrifluoride, 4-"
"Chlorobutane, 1- (109-69-3)",109-69-3,310,n,4700,ns,        ,,        ,,64,n,,0.026,n,,"Chlorobutane, 1-"
Chlorodifluoromethane (75-45-6),75-45-6,4900,ns,21000,ns,5200,n,22000,n,10000,n,,4.3,n,,Chlorodifluoromethane
"Chloroethanol, 2- (107-07-3)",107-07-3,160,n,2300,n,        ,,        ,,40,n,,0.0081,n,,"Chloroethanol, 2-"
Chloroform (67-66-3),67-66-3,0.32,c*,1.4,c*,0.12,c*,0.53,c*,0.22,c*,8.0E+01(F),6.1E-05,c*,0.022,Chloroform
Chloromethane (74-87-3),74-87-3,11,n,46,n,9.4,n,39,n,19,n,,0.0049,n,,Chloromethane
Chloromethyl Methyl Ether (107-30-2),107-30-2,0.02,c,0.089,c,0.0041,c,0.018,c,0.0065,c,,1.4E-06,c,,Chloromethyl Methyl Ether
"Chloronitrobenzene, o- (88-73-3)",88-73-3,1.8,c*,7.7,c*,0.001,n,0.0044,n,0.24,c*,,0.00022,c*,,"Chloronitrobenzene, o-"
"Chloronitrobenzene, p- (100-00-5)",100-00-5,4.4,n,38,c**,0.21,n,0.88,n,1.2,c**,,0.0011,c**,,"Chloronitrobenzene, p-"
"Chlorophenol, 2- (95-57-8)",95-57-8,39,n,580,n,        ,,        ,,9.1,n,,0.0089,n,,"Chlorophenol, 2-"
Chloropicrin (76-06-2),76-06-2,0.2,n,0.82,n,0.042,n,0.18,n,0.083,n,,2.5E-05,n,,Chloropicrin
Chlorothalonil (1897-45-6),1897-45-6,95,n,740,c**,3.2,c,14,c,22,c**,,0.05,c**,,Chlorothalonil
"Chlorotoluene, o- (95-49-8)",95-49-8,160,n,2300,ns,        ,,        ,,24,n,,0.023,n,,"Chlorotoluene, o-"
"Chlorotoluene, p- (106-43-4)",106-43-4,160,n,2300,ns,        ,,        ,,25,n,,0.024,n,,"Chlorotoluene, p-"
Chlorozotocin (54749-90-5),54749-90-5,0.0023,c,0.0096,c,4.1E-05,c,0.00018,c,0.00032,c,,7.1E-08,c,,Chlorozotocin
Chlorpropham (101-21-3),101-21-3,320,n,4100,n,        ,,        ,,71,n,,0.064,n,,Chlorpropham
Chlorpyrifos (2921-88-2),2921-88-2,6.3,n,82,n,        ,,        ,,0.84,n,,0.012,n,,Chlorpyrifos
Chlorpyrifos Methyl (5598-13-0),5598-13-0,63,n,820,n,        ,,        ,,12,n,,0.054,n,,Chlorpyrifos Methyl
Chlorsulfuron (64902-72-3),64902-72-3,320,n,4100,n,        ,,        ,,99,n,,0.083,n,,Chlorsulfuron
Chlorthal-dimethyl (1861-32-1),1861-32-1,63,n,820,n,        ,,        ,,12,n,,0.015,n,,Chlorthal-dimethyl
Chlorthiophos (60238-56-4),60238-56-4,5.1,n,66,n,        ,,        ,,0.28,n,,0.0073,n,,Chlorthiophos
"Chromium(III), Insoluble Salts (16065-83-1)",16065-83-1,12000,n,180000,nm,        ,,        ,,2200,n,,4000000,n,,"Chromium(III), Insoluble Salts"
Chromium(VI) (18540-29-9),18540-29-9,0.3,c*,6.3,c*,1.2E-05,c,0.00015,c,0.035,c,,0.00067,c,,Chromium(VI)
"Chromium, Total (7440-47-3)",7440-47-3,        ,,        ,,        ,,        ,,        ,,100,        ,,180000,"Chromium, Total"
Clofentezine (74115-24-5),74115-24-5,82,n,1100,n,        ,,        ,,23,n,,1.4,n,,Clofentezine
Cobalt (7440-48-4),7440-48-4,2.3,n,35,n,0.00031,c**,0.0014,c**,0.6,n,,0.027,n,,Cobalt
Coke Oven Emissions (8007-45-2),8007-45-2,        ,,        ,,0.0016,c,0.02,c,        ,,,        ,,,Coke Oven Emissions
Copper (7440-50-8),7440-50-8,310,n,4700,n,        ,,        ,,80,n,1300,2.8,n,46,Copper
"Cresol, m- (108-39-4)",108-39-4,320,n,4100,n,63,n,260,n,93,n,,0.074,n,,"Cresol, m-"
"Cresol, o- (95-48-7)",95-48-7,320,n,4100,n,63,n,260,n,93,n,,0.075,n,,"Cresol, o-"
"Cresol, p- (106-44-5)",106-44-5,630,n,8200,n,63,n,260,n,190,n,,0.15,n,,"Cresol, p-"
"Cresol, p-chloro-m- (59-50-7)",59-50-7,630,n,8200,n,        ,,        ,,140,n,,0.17,n,,"Cresol, p-chloro-m-"
Cresols (1319-77-3),1319-77-3,630,n,8200,n,63,n,260,n,150,n,,0.13,n,,Cresols
"Crotonaldehyde, trans- (123-73-9)",123-73-9,0.37,c*,1.7,c*,        ,,        ,,0.04,c*,,8.2E-06,c*,,"Crotonaldehyde, trans-"
Cumene (98-82-8),98-82-8,190,n,990,ns,42,n,180,n,45,n,,0.074,n,,Cumene
Cupferron (135-20-6),135-20-6,2.5,c,10,c,0.045,c,0.19,c,0.35,c,,0.00061,c,,Cupferron
Cyanazine (21725-46-2),21725-46-2,0.65,c*,2.7,c*,        ,,        ,,0.088,c*,,4.1E-05,c*,,Cyanazine
Cyclohexane (110-82-7),110-82-7,650,ns,2700,ns,630,n,2600,n,1300,n,,1.3,n,,Cyclohexane
"Cyclohexane, 1,2,3,4,5-pentabromo-6-chloro- (87-84-3)",87-84-3,27,c**,110,c*,        ,,        ,,2.8,c*,,0.016,c*,,"Cyclohexane, 1,2,3,4,5-pentabromo-6-chloro-"
Cyclohexanone (108-94-1),108-94-1,2800,n,13000,ns,73,n,310,n,140,n,,0.034,n,,Cyclohexanone
Cyclohexene (110-83-8),110-83-8,31,n,310,ns,100,n,440,n,7,n,,0.0046,n,,Cyclohexene
Cyclohexylamine (108-91-8),108-91-8,1600,n,23000,n,        ,,        ,,380,n,,0.1,n,,Cyclohexylamine
Cyfluthrin (68359-37-5),68359-37-5,160,n,2100,n,        ,,        ,,12,n,,3.1,n,,Cyfluthrin
Cyhalothrin (68085-85-8),68085-85-8,6.3,n,82,n,        ,,        ,,2,n,,1.4,n,,Cyhalothrin
Cyromazine (66215-27-8),66215-27-8,3200,n,41000,n,        ,,        ,,990,n,,0.25,n,,Cyromazine
Dalapon (75-99-0),75-99-0,190,n,2500,n,        ,,        ,,60,n,200,0.012,n,0.041,Dalapon
Daminozide (1596-84-5),1596-84-5,30,c*,130,c*,0.55,c,2.4,c,4.3,c*,,0.00095,c*,,Daminozide
"DDD, p,p'- (DDD) (72-54-8)",72-54-8,0.19,n,2.5,n,0.041,c,0.18,c,0.0063,n,,0.0015,n,,"DDD, p,p'- (DDD)"
"DDE, p,p'- (72-55-9)",72-55-9,2,c**,9.3,c**,0.029,c,0.13,c,0.046,c*,,0.011,c*,,"DDE, p,p'-"
DDT (50-29-3),50-29-3,1.9,c**,8.5,c**,0.029,c,0.13,c,0.23,c**,,0.077,c**,,DDT
"Decabromodiphenyl ether, 2,2',3,3',4,4',5,5',6,6'- (BDE-209) (1163-19-5)",1163-19-5,44,n,570,n,        ,,        ,,14,n,,7.8,n,,"Decabromodiphenyl ether, 2,2',3,3',4,4',5,5',6,6'- (BDE-209)"
Demeton (8065-48-3),8065-48-3,0.25,n,3.3,n,        ,,        ,,0.042,n,,        ,n,,Demeton
Di(2-ethylhexyl)adipate (103-23-1),103-23-1,450,c**,1900,c*,        ,,        ,,65,c*,400,4.7,c*,29,Di(2-ethylhexyl)adipate
Diallate (2303-16-4),2303-16-4,8.9,c,38,c,        ,,        ,,0.54,c,,0.0008,c,,Diallate
Diazinon (333-41-5),333-41-5,4.4,n,57,n,        ,,        ,,1,n,,0.0065,n,,Diazinon
Dibenzothiophene (132-65-0),132-65-0,78,n,1200,n,        ,,        ,,6.5,n,,0.12,n,,Dibenzothiophene
"Dibromo-3-chloropropane, 1,2- (96-12-8)",96-12-8,0.0053,c*,0.064,c*,0.00017,c,0.002,c*,0.00033,c,0.2,1.4E-07,c,8.6E-05,"Dibromo-3-chloropropane, 1,2-"
"Dibromobenzene, 1,3- (108-36-1)",108-36-1,3.1,n,47,n,        ,,        ,,0.53,n,,0.00051,n,,"Dibromobenzene, 1,3-"
"Dibromobenzene, 1,4- (106-37-6)",106-37-6,78,n,1200,n,        ,,        ,,13,n,,0.012,n,,"Dibromobenzene, 1,4-"
Dibromochloromethane (124-48-1),124-48-1,8.3,c*,39,c*,        ,,        ,,0.87,c*,8.0E+01(F),0.00023,c*,0.021,Dibromochloromethane
"Dibromoethane, 1,2- (106-93-4)",106-93-4,0.036,c,0.16,c,0.0047,c,0.02,c,0.0075,c,0.05,2.1E-06,c,1.4E-05,"Dibromoethane, 1,2-"
Dibromomethane (Methylene Bromide) (74-95-3),74-95-3,2.4,n,9.9,n,0.42,n,1.8,n,0.83,n,,0.00021,n,,Dibromomethane (Methylene Bromide)
Dibutyltin Compounds (E1790660),E1790660,1.9,n,25,n,        ,,        ,,0.6,n,,        ,n,,Dibutyltin Compounds
Dicamba (1918-00-9),1918-00-9,190,n,2500,n,        ,,        ,,57,n,,0.015,n,,Dicamba
"Dichloro-2-butene, 1,4- (764-41-0)",764-41-0,0.0021,c,0.0094,c,0.00067,c,0.0029,c,0.0013,c,,6.6E-07,c,,"Dichloro-2-butene, 1,4-"
"Dichloro-2-butene, cis-1,4- (1476-11-5)",1476-11-5,0.0074,c,0.032,c,0.00067,c,0.0029,c,0.0013,c,,6.2E-07,c,,"Dichloro-2-butene, cis-1,4-"
"Dichloro-2-butene, trans-1,4- (110-57-6)",110-57-6,0.0074,c,0.032,c,0.00067,c,0.0029,c,0.0013,c,,6.2E-07,c,,"Dichloro-2-butene, trans-1,4-"
Dichloroacetic Acid (79-43-6),79-43-6,11,c**,46,c**,        ,,        ,,1.5,c**,60,0.00031,c**,0.012,Dichloroacetic Acid
"Dichlorobenzene, 1,2- (95-50-1)",95-50-1,180,n,930,ns,21,n,88,n,30,n,600,0.03,n,0.58,"Dichlorobenzene, 1,2-"
"Dichlorobenzene, 1,4- (106-46-7)",106-46-7,2.6,c,11,c,0.26,c,1.1,c,0.48,c,75,0.00046,c,0.072,"Dichlorobenzene, 1,4-"
"Dichlorobenzidine, 3,3'- (91-94-1)",91-94-1,1.2,c,5.1,c,0.0083,c,0.036,c,0.13,c,,0.00082,c,,"Dichlorobenzidine, 3,3'-"
"Dichlorobenzophenone, 4,4'- (90-98-2)",90-98-2,57,n,740,n,        ,,        ,,7.8,n,,0.047,n,,"Dichlorobenzophenone, 4,4'-"
Dichlorodifluoromethane (75-71-8),75-71-8,8.7,n,37,n,10,n,44,n,20,n,,0.03,n,,Dichlorodifluoromethane
"Dichloroethane, 1,1- (75-34-3)",75-34-3,3.6,c,16,c,1.8,c,7.7,c,2.8,c,,0.00078,c,,"Dichloroethane, 1,1-"
"Dichloroethane, 1,2- (107-06-2)",107-06-2,0.46,c**,2,c**,0.11,c**,0.47,c**,0.17,c**,5,4.8E-05,c**,0.0014,"Dichloroethane, 1,2-"
"Dichloroethylene, 1,1- (75-35-4)",75-35-4,23,n,100,n,21,n,88,n,28,n,7,0.01,n,0.0025,"Dichloroethylene, 1,1-"
"Dichloroethylene, 1,2-cis- (156-59-2)",156-59-2,16,n,230,n,        ,,        ,,3.6,n,70,0.0011,n,0.021,"Dichloroethylene, 1,2-cis-"
"Dichloroethylene, 1,2-trans- (156-60-5)",156-60-5,160,n,2300,ns,        ,,        ,,36,n,100,0.011,n,0.031,"Dichloroethylene, 1,2-trans-"
"Dichlorophenol, 2,4- (120-83-2)",120-83-2,19,n,250,n,        ,,        ,,4.6,n,,0.0023,n,,"Dichlorophenol, 2,4-"
"Dichlorophenoxy Acetic Acid, 2,4- (94-75-7)",94-75-7,70,n,960,n,        ,,        ,,17,n,70,0.0045,n,0.018,"Dichlorophenoxy Acetic Acid, 2,4-"
"Dichloropropane, 1,2- (78-87-5)",78-87-5,1.6,n,6.6,n,0.42,n,1.8,n,0.82,n,5,0.00027,n,0.0017,"Dichloropropane, 1,2-"
"Dichloropropane, 1,3- (142-28-9)",142-28-9,160,n,2300,ns,        ,,        ,,37,n,,0.013,n,,"Dichloropropane, 1,3-"
"Dichloropropanol, 2,3- (616-23-9)",616-23-9,19,n,250,n,        ,,        ,,5.9,n,,0.0013,n,,"Dichloropropanol, 2,3-"
"Dichloropropene, 1,3- (542-75-6)",542-75-6,1.8,c**,8.2,c**,0.7,c**,3.1,c**,0.47,c**,,0.00017,c**,,"Dichloropropene, 1,3-"
Dichlorvos (62-73-7),62-73-7,1.9,c**,7.9,c**,0.034,c**,0.15,c**,0.26,c**,,8.1E-05,c**,,Dichlorvos
Dicrotophos (141-66-2),141-66-2,0.19,n,2.5,n,        ,,        ,,0.06,n,,1.4E-05,n,,Dicrotophos
Dicyclopentadiene (77-73-6),77-73-6,0.13,n,0.54,n,0.031,n,0.13,n,0.063,n,,0.00022,n,,Dicyclopentadiene
Dieldrin (60-57-1),60-57-1,0.034,c**,0.14,c*,0.00061,c,0.0027,c,0.0018,c*,,7.1E-05,c*,,Dieldrin
Diesel Engine Exhaust (E17136615),E17136615,        ,,        ,,0.0094,c*,0.041,c*,        ,,,        ,,,Diesel Engine Exhaust
Diethanolamine (111-42-2),111-42-2,13,n,160,n,0.021,n,0.088,n,4,n,,0.00081,n,,Diethanolamine
Diethylene Glycol Monobutyl Ether (112-34-5),112-34-5,190,n,2400,n,0.01,n,0.044,n,60,n,,0.013,n,,Diethylene Glycol Monobutyl Ether
Diethylene Glycol Monoethyl Ether (111-90-0),111-90-0,380,n,4800,n,0.031,n,0.13,n,120,n,,0.024,n,,Diethylene Glycol Monoethyl Ether
Diethylformamide (617-84-5),617-84-5,7.8,n,120,n,        ,,        ,,2,n,,0.00041,n,,Diethylformamide
Diethylstilbestrol (56-53-1),56-53-1,0.0016,c,0.0066,c,2.8E-05,c,0.00012,c,5.1E-05,c,,2.8E-05,c,,Diethylstilbestrol
Difenzoquat (43222-48-6),43222-48-6,520,n,6800,n,        ,,        ,,170,n,,26,n,,Difenzoquat
Diflubenzuron (35367-38-5),35367-38-5,130,n,1600,n,        ,,        ,,29,n,,0.033,n,,Diflubenzuron
"Difluoroethane, 1,1- (75-37-6)",75-37-6,4800,ns,20000,ns,4200,n,18000,n,8300,n,,2.8,n,,"Difluoroethane, 1,1-"
"Difluoropropane, 2,2- (420-45-1)",420-45-1,2400,ns,10000,ns,3100,n,13000,n,6300,n,,14,n,,"Difluoropropane, 2,2-"
Dihydrosafrole (94-58-6),94-58-6,9.9,c,45,c,0.22,c,0.94,c,0.3,c,,0.00019,c,,Dihydrosafrole
Diisopropyl Ether (108-20-3),108-20-3,220,n,940,n,73,n,310,n,150,n,,0.037,n,,Diisopropyl Ether
Diisopropyl Methylphosphonate (1445-75-6),1445-75-6,630,ns,9300,ns,        ,,        ,,160,n,,0.045,n,,Diisopropyl Methylphosphonate
Dimethipin (55290-64-7),55290-64-7,140,n,1800,n,        ,,        ,,44,n,,0.0096,n,,Dimethipin
Dimethoate (60-51-5),60-51-5,14,n,180,n,        ,,        ,,4.4,n,,0.00099,n,,Dimethoate
"Dimethoxybenzidine, 3,3'- (119-90-4)",119-90-4,0.34,c,1.4,c,        ,,        ,,0.047,c,,5.8E-05,c,,"Dimethoxybenzidine, 3,3'-"
Dimethyl methylphosphonate (756-79-6),756-79-6,320,c**,1400,c**,        ,,        ,,46,c**,,0.0096,c**,,Dimethyl methylphosphonate
Dimethylamino azobenzene [p-] (60-11-7),60-11-7,0.12,c,0.5,c,0.0022,c,0.0094,c,0.005,c,,2.1E-05,c,,Dimethylamino azobenzene [p-]
"Dimethylaniline HCl, 2,4- (21436-96-4)",21436-96-4,0.94,c,4,c,        ,,        ,,0.13,c,,0.00012,c,,"Dimethylaniline HCl, 2,4-"
"Dimethylaniline, 2,4- (95-68-1)",95-68-1,2.7,c**,11,c*,        ,,        ,,0.37,c*,,0.00021,c*,,"Dimethylaniline, 2,4-"
"Dimethylaniline, N,N- (121-69-7)",121-69-7,16,n,120,c**,        ,,        ,,2.5,c**,,0.0009,c**,,"Dimethylaniline, N,N-"
"Dimethylbenzidine, 3,3'- (119-93-7)",119-93-7,0.049,c,0.21,c,        ,,        ,,0.0065,c,,4.3E-05,c,,"Dimethylbenzidine, 3,3'-"
Dimethylformamide (68-12-2),68-12-2,260,n,1500,n,3.1,n,13,n,6.1,n,,0.0012,n,,Dimethylformamide
"Dimethylhydrazine, 1,1- (57-14-7)",57-14-7,0.0057,n,0.024,n,0.00021,n,0.00088,n,0.00042,n,,9.3E-08,n,,"Dimethylhydrazine, 1,1-"
"Dimethylhydrazine, 1,2- (540-73-8)",540-73-8,0.00088,c,0.0041,c,1.8E-05,c,7.7E-05,c,2.8E-05,c,,6.5E-09,c,,"Dimethylhydrazine, 1,2-"
"Dimethylphenol, 2,4- (105-67-9)",105-67-9,130,n,1600,n,        ,,        ,,36,n,,0.042,n,,"Dimethylphenol, 2,4-"
"Dimethylphenol, 2,6- (576-26-1)",576-26-1,3.8,n,49,n,        ,,        ,,1.1,n,,0.0013,n,,"Dimethylphenol, 2,6-"
"Dimethylphenol, 3,4- (95-65-8)",95-65-8,6.3,n,82,n,        ,,        ,,1.8,n,,0.0021,n,,"Dimethylphenol, 3,4-"
Dimethylvinylchloride (513-37-1),513-37-1,1.1,c,4.8,c,0.22,c,0.94,c,0.33,c,,0.00011,c,,Dimethylvinylchloride
"Dinitrobenzene, 1,2- (528-29-0)",528-29-0,0.63,n,8.2,n,        ,,        ,,0.19,n,,0.00018,n,,"Dinitrobenzene, 1,2-"
"Dinitrobenzene, 1,3- (99-65-0)",99-65-0,0.63,n,8.2,n,        ,,        ,,0.2,n,,0.00018,n,,"Dinitrobenzene, 1,3-"
"Dinitrobenzene, 1,4- (100-25-4)",100-25-4,0.63,n,8.2,n,        ,,        ,,0.2,n,,0.00018,n,,"Dinitrobenzene, 1,4-"
"Dinitro-o-cresol, 4,6- (534-52-1)",534-52-1,0.51,n,6.6,n,        ,,        ,,0.15,n,,0.00026,n,,"Dinitro-o-cresol, 4,6-"
"Dinitro-o-cyclohexyl Phenol, 4,6- (131-89-5)",131-89-5,13,n,160,n,        ,,        ,,2.3,n,,0.077,n,,"Dinitro-o-cyclohexyl Phenol, 4,6-"
"Dinitrophenol, 2,4- (51-28-5)",51-28-5,13,n,160,n,        ,,        ,,3.9,n,,0.0044,n,,"Dinitrophenol, 2,4-"
"Dinitrotoluene Mixture, 2,4/2,6- (E1615210)",E1615210,0.8,c,3.4,c,        ,,        ,,0.11,c,,0.00015,c,,"Dinitrotoluene Mixture, 2,4/2,6-"
"Dinitrotoluene, 2,4- (121-14-2)",121-14-2,1.7,c**,7.4,c*,0.032,c,0.14,c,0.24,c*,,0.00032,c*,,"Dinitrotoluene, 2,4-"
"Dinitrotoluene, 2,6- (606-20-2)",606-20-2,0.36,c**,1.5,c*,        ,,        ,,0.049,c*,,6.7E-05,c*,,"Dinitrotoluene, 2,6-"
"Dinitrotoluene, 2-Amino-4,6- (35572-78-2)",35572-78-2,15,n,230,n,        ,,        ,,3.9,n,,0.003,n,,"Dinitrotoluene, 2-Amino-4,6-"
"Dinitrotoluene, 4-Amino-2,6- (19406-51-0)",19406-51-0,15,n,230,n,        ,,        ,,3.9,n,,0.003,n,,"Dinitrotoluene, 4-Amino-2,6-"
"Dinitrotoluene, Technical grade (25321-14-6)",25321-14-6,1.2,c**,5.1,c*,        ,,        ,,0.1,c*,,0.00014,c*,,"Dinitrotoluene, Technical grade"
Dinoseb (88-85-7),88-85-7,6.3,n,82,n,        ,,        ,,1.5,n,7,0.013,n,0.062,Dinoseb
"Dioxane, 1,4- (123-91-1)",123-91-1,5.3,c*,24,c*,0.56,c**,2.5,c**,0.46,c*,,9.4E-05,c*,,"Dioxane, 1,4-"
Diphenamid (957-51-7),957-51-7,190,n,2500,n,        ,,        ,,53,n,,0.52,n,,Diphenamid
Diphenyl Ether (101-84-8),101-84-8,3.4,n,14,n,0.042,n,0.18,n,0.083,n,,0.00034,n,,Diphenyl Ether
Diphenyl Sulfone (127-63-9),127-63-9,5.1,n,66,n,        ,,        ,,1.5,n,,0.0036,n,,Diphenyl Sulfone
Diphenylamine (122-39-4),122-39-4,630,n,8200,n,        ,,        ,,130,n,,0.23,n,,Diphenylamine
"Diphenylhydrazine, 1,2- (122-66-7)",122-66-7,0.68,c,2.9,c,0.013,c,0.056,c,0.078,c,,0.00025,c,,"Diphenylhydrazine, 1,2-"
Diquat (85-00-7),85-00-7,14,n,180,n,        ,,        ,,4.4,n,20,0.083,n,0.37,Diquat
Direct Black 38 (1937-37-7),1937-37-7,0.076,c,0.32,c,2E-05,c,8.8E-05,c,0.011,c,,5.3,c,,Direct Black 38
Direct Blue 6 (2602-46-2),2602-46-2,0.073,c,0.31,c,2E-05,c,8.8E-05,c,0.011,c,,17,c,,Direct Blue 6
Direct Brown 95 (16071-86-6),16071-86-6,0.081,c,0.34,c,2E-05,c,8.8E-05,c,0.012,c,,0.16,c,,Direct Brown 95
Disulfoton (298-04-4),298-04-4,0.25,n,3.3,n,        ,,        ,,0.05,n,,9.4E-05,n,,Disulfoton
"Dithiane, 1,4- (505-29-3)",505-29-3,78,n,1200,n,        ,,        ,,20,n,,0.0097,n,,"Dithiane, 1,4-"
Diuron (330-54-1),330-54-1,13,n,160,n,        ,,        ,,3.6,n,,0.0015,n,,Diuron
Dodine (2439-10-3),2439-10-3,130,n,1600,n,        ,,        ,,40,n,,0.21,n,,Dodine
Endosulfan (115-29-7),115-29-7,47,n,700,n,        ,,        ,,10,n,,0.14,n,,Endosulfan
Endothall (145-73-3),145-73-3,130,n,1600,n,        ,,        ,,38,n,100,0.0091,n,0.024,Endothall
Endrin (72-20-8),72-20-8,1.9,n,25,n,        ,,        ,,0.23,n,2,0.0092,n,0.081,Endrin
Epichlorohydrin (106-89-8),106-89-8,1.9,n,8.2,n,0.1,n,0.44,n,0.2,n,,4.5E-05,n,,Epichlorohydrin
"Epoxybutane, 1,2- (106-88-7)",106-88-7,16,n,67,n,2.1,n,8.8,n,4.2,n,,0.00092,n,,"Epoxybutane, 1,2-"
EPTC (759-94-4),759-94-4,390,n,5800,n,        ,,        ,,75,n,,0.04,n,,EPTC
"Ethanol, 2-(2-methoxyethoxy)- (111-77-3)",111-77-3,250,n,3300,n,        ,,        ,,80,n,,0.016,n,,"Ethanol, 2-(2-methoxyethoxy)-"
Ethephon (16672-87-0),16672-87-0,32,n,410,n,        ,,        ,,10,n,,0.0021,n,,Ethephon
Ethion (563-12-2),563-12-2,3.2,n,41,n,        ,,        ,,0.43,n,,0.00085,n,,Ethion
"Ethoxyethanol Acetate, 2- (111-15-9)",111-15-9,260,n,1400,n,6.3,n,26,n,12,n,,0.0025,n,,"Ethoxyethanol Acetate, 2-"
"Ethoxyethanol, 2- (110-80-5)",110-80-5,520,n,4700,n,21,n,88,n,34,n,,0.0068,n,,"Ethoxyethanol, 2-"
Ethyl Acetate (141-78-6),141-78-6,62,n,260,n,7.3,n,31,n,14,n,,0.0031,n,,Ethyl Acetate
Ethyl Acrylate (140-88-5),140-88-5,4.7,n,21,n,0.83,n,3.5,n,1.4,n,,0.00032,n,,Ethyl Acrylate
Ethyl Chloride (Chloroethane) (75-00-3),75-00-3,1400,n,5700,ns,1000,n,4400,n,2100,n,,0.59,n,,Ethyl Chloride (Chloroethane)
Ethyl Ether (60-29-7),60-29-7,1600,n,23000,ns,        ,,        ,,390,n,,0.088,n,,Ethyl Ether
Ethyl Methacrylate (97-63-2),97-63-2,180,n,760,n,31,n,130,n,63,n,,0.015,n,,Ethyl Methacrylate
Ethylbenzene (100-41-4),100-41-4,5.8,c*,25,c*,1.1,c*,4.9,c*,1.5,c*,700,0.0017,c*,0.78,Ethylbenzene
Ethylene Cyanohydrin (109-78-4),109-78-4,440,n,5700,n,        ,,        ,,140,n,,0.028,n,,Ethylene Cyanohydrin
Ethylene Diamine (107-15-3),107-15-3,700,n,11000,n,        ,,        ,,180,n,,0.041,n,,Ethylene Diamine
Ethylene Glycol (107-21-1),107-21-1,13000,n,160000,nm,42,n,180,n,4000,n,,0.81,n,,Ethylene Glycol
Ethylene Glycol Monobutyl Ether (111-76-2),111-76-2,630,n,8200,n,170,n,700,n,200,n,,0.041,n,,Ethylene Glycol Monobutyl Ether
Ethylene Oxide (75-21-8),75-21-8,0.002,c,0.025,c,0.00034,c,0.0041,c,0.00067,c,,1.4E-07,c,,Ethylene Oxide
Ethylene Thiourea (96-45-7),96-45-7,0.51,n,6.6,n,0.22,c,0.94,c,0.16,n,,3.6E-05,n,,Ethylene Thiourea
Ethyleneimine (151-56-4),151-56-4,0.0027,c,0.012,c,0.00015,c,0.00065,c,0.00024,c,,5.2E-08,c,,Ethyleneimine
Ethylphthalyl Ethyl Glycolate (84-72-0),84-72-0,19000,n,250000,nm,        ,,        ,,5800,n,,13,n,,Ethylphthalyl Ethyl Glycolate
Ethyl-p-nitrophenyl Phosphonate (2104-64-5),2104-64-5,0.063,n,0.82,n,        ,,        ,,0.0089,n,,0.00028,n,,Ethyl-p-nitrophenyl Phosphonate
Fenamiphos (22224-92-6),22224-92-6,1.6,n,21,n,        ,,        ,,0.44,n,,0.00043,n,,Fenamiphos
Fenpropathrin (39515-41-8),39515-41-8,160,n,2100,n,        ,,        ,,6.4,n,,0.29,n,,Fenpropathrin
Fenvalerate (51630-58-1),51630-58-1,160,n,2100,n,        ,,        ,,50,n,,32,n,,Fenvalerate
Fluometuron (2164-17-2),2164-17-2,82,n,1100,n,        ,,        ,,24,n,,0.019,n,,Fluometuron
Fluoride (16984-48-8),16984-48-8,310,n,4700,n,1.4,n,5.7,n,80,n,4000,12,n,600,Fluoride
Fluorine (Soluble Fluoride) (7782-41-4),7782-41-4,470,n,7000,n,1.4,n,5.7,n,120,n,4000,18,n,600,Fluorine (Soluble Fluoride)
Fluridone (59756-60-4),59756-60-4,510,n,6600,n,        ,,        ,,140,n,,16,n,,Fluridone
Flurprimidol (56425-91-3),56425-91-3,250,n,3300,n,        ,,        ,,69,n,,0.31,n,,Flurprimidol
Flusilazole (85509-19-9),85509-19-9,13,n,160,n,        ,,        ,,3.1,n,,0.51,n,,Flusilazole
Flutolanil (66332-96-5),66332-96-5,3200,n,41000,n,        ,,        ,,790,n,,4.2,n,,Flutolanil
Fluvalinate (69409-94-5),69409-94-5,63,n,820,n,        ,,        ,,20,n,,29,n,,Fluvalinate
Folpet (133-07-3),133-07-3,570,n,7400,n,        ,,        ,,160,n,,0.039,n,,Folpet
Fomesafen (72178-02-0),72178-02-0,16,n,210,n,        ,,        ,,4.8,n,,0.016,n,,Fomesafen
Fonofos (944-22-9),944-22-9,13,n,160,n,        ,,        ,,2.4,n,,0.0047,n,,Fonofos
Formaldehyde (50-00-0),50-00-0,17,c**,73,c**,0.22,c**,0.94,c**,0.43,c**,,8.7E-05,c**,,Formaldehyde
Formic Acid (64-18-6),64-18-6,2.9,n,12,n,0.031,n,0.13,n,0.063,n,,1.3E-05,n,,Formic Acid
Fosetyl-AL (39148-24-8),39148-24-8,16000,n,210000,nm,        ,,        ,,5000,n,,66,n,,Fosetyl-AL
Furazolidone (67-45-8),67-45-8,0.14,c,0.6,c,        ,,        ,,0.02,c,,3.9E-05,c,,Furazolidone
Furfural (98-01-1),98-01-1,21,n,260,n,5.2,n,22,n,3.8,n,,0.00081,n,,Furfural
Furium (531-82-8),531-82-8,0.36,c,1.5,c,0.0065,c,0.029,c,0.051,c,,6.8E-05,c,,Furium
Furmecyclox (60568-05-0),60568-05-0,18,c,77,c,0.33,c,1.4,c,1.1,c,,0.0012,c,,Furmecyclox
"Glufosinate, Ammonium (77182-82-2)",77182-82-2,38,n,490,n,        ,,        ,,12,n,,0.0026,n,,"Glufosinate, Ammonium"
Glutaraldehyde (111-30-8),111-30-8,600,n,7000,n,0.0083,n,0.035,n,200,n,,0.04,n,,Glutaraldehyde
Glycidyl (765-34-4),765-34-4,2.3,n,21,n,0.1,n,0.44,n,0.17,n,,3.3E-05,n,,Glycidyl
Glyphosate (1071-83-6),1071-83-6,630,n,8200,n,        ,,        ,,200,n,700,0.88,n,3.1,Glyphosate
Guanidine (113-00-8),113-00-8,78,n,1200,n,        ,,        ,,20,n,,0.0045,n,,Guanidine
Guanidine Chloride (50-01-1),50-01-1,130,n,1600,n,        ,,        ,,40,n,,        ,n,,Guanidine Chloride
Guanidine Nitrate (506-93-4),506-93-4,190,n,2500,n,        ,,        ,,60,n,,0.015,n,,Guanidine Nitrate
"Haloxyfop, Methyl (69806-40-2)",69806-40-2,0.32,n,4.1,n,        ,,        ,,0.076,n,,0.00084,n,,"Haloxyfop, Methyl"
Heptachlor (76-44-8),76-44-8,0.13,c*,0.63,c*,0.0022,c,0.0094,c,0.0014,c*,0.4,0.00012,c*,0.033,Heptachlor
Heptachlor Epoxide (1024-57-3),1024-57-3,0.07,c**,0.33,c**,0.0011,c,0.0047,c,0.0014,c**,0.2,2.8E-05,c**,0.0041,Heptachlor Epoxide
"Heptanal, n- (111-71-7)",111-71-7,2.4,n,10,n,0.31,n,1.3,n,0.63,n,,0.00014,n,,"Heptanal, n-"
"Heptane, N- (142-82-5)",142-82-5,2.2,n,29,n,42,n,180,n,0.6,n,,0.0048,n,,"Heptane, N-"
Hexabromobenzene (87-82-1),87-82-1,16,n,230,n,        ,,        ,,4,n,,0.023,n,,Hexabromobenzene
"Hexabromodiphenyl ether, 2,2',4,4',5,5'- (BDE-153) (68631-49-2)",68631-49-2,1.3,n,16,n,        ,,        ,,0.4,n,,        ,n,,"Hexabromodiphenyl ether, 2,2',4,4',5,5'- (BDE-153)"
Hexachlorobenzene (118-74-1),118-74-1,0.21,c*,0.96,c*,0.0061,c,0.027,c,0.0098,c,1,0.00012,c,0.013,Hexachlorobenzene
Hexachlorobutadiene (87-68-3),87-68-3,1.2,c**,5.3,c*,0.13,c,0.56,c,0.14,c**,,0.00027,c**,,Hexachlorobutadiene
"Hexachlorocyclohexane, Alpha- (319-84-6)",319-84-6,0.086,c,0.36,c,0.0016,c,0.0068,c,0.0072,c,,4.2E-05,c,,"Hexachlorocyclohexane, Alpha-"
"Hexachlorocyclohexane, Beta- (319-85-7)",319-85-7,0.3,c,1.3,c,0.0053,c,0.023,c,0.025,c,,0.00015,c,,"Hexachlorocyclohexane, Beta-"
"Hexachlorocyclohexane, Gamma- (Lindane) (58-89-9)",58-89-9,0.57,c**,2.5,c*,0.0091,c,0.04,c,0.042,c**,0.2,0.00024,c**,0.0012,"Hexachlorocyclohexane, Gamma- (Lindane)"
"Hexachlorocyclohexane, Technical (608-73-1)",608-73-1,0.3,c,1.3,c,0.0055,c,0.024,c,0.025,c,,0.00015,c,,"Hexachlorocyclohexane, Technical"
Hexachlorocyclopentadiene (77-47-4),77-47-4,0.18,n,0.75,n,0.021,n,0.088,n,0.041,n,50,0.00013,n,0.16,Hexachlorocyclopentadiene
Hexachloroethane (67-72-1),67-72-1,1.8,c**,8,c**,0.26,c*,1.1,c*,0.33,c**,,0.0002,c**,,Hexachloroethane
Hexachlorophene (70-30-4),70-30-4,1.9,n,25,n,        ,,        ,,0.6,n,,0.8,n,,Hexachlorophene
"Hexahydro-1,3,5-trinitro-1,3,5-triazine (RDX) (121-82-4)",121-82-4,6.1,c**,28,c*,        ,,        ,,0.7,c**,,0.00027,c**,,"Hexahydro-1,3,5-trinitro-1,3,5-triazine (RDX)"
"Hexamethylene Diisocyanate, 1,6- (822-06-0)",822-06-0,0.31,n,1.3,n,0.001,n,0.0044,n,0.0021,n,,2.1E-05,n,,"Hexamethylene Diisocyanate, 1,6-"
Hexamethylphosphoramide (680-31-9),680-31-9,2.5,n,33,n,        ,,        ,,0.8,n,,0.00018,n,,Hexamethylphosphoramide
"Hexane, N- (110-54-3)",110-54-3,61,n,250,ns,73,n,310,n,150,n,,1,n,,"Hexane, N-"
Hexanedioic Acid (124-04-9),124-04-9,13000,n,160000,nm,        ,,        ,,4000,n,,0.99,n,,Hexanedioic Acid
"Hexanone, 2- (591-78-6)",591-78-6,20,n,130,n,3.1,n,13,n,3.8,n,,0.00088,n,,"Hexanone, 2-"
Hexazinone (51235-04-2),51235-04-2,210,n,2700,n,        ,,        ,,64,n,,0.03,n,,Hexazinone
Hexythiazox (78587-05-0),78587-05-0,160,n,2100,n,        ,,        ,,11,n,,0.05,n,,Hexythiazox
Hydramethylnon (67485-29-4),67485-29-4,110,n,1400,n,        ,,        ,,34,n,,12000,n,,Hydramethylnon
Hydrazine (302-01-2),302-01-2,0.032,c**,0.14,c**,0.00057,c**,0.0025,c**,0.0011,c**,,2.2E-07,c**,,Hydrazine
Hydrazine Sulfate (10034-93-2),10034-93-2,0.23,c,1.1,c,0.00057,c,0.0025,c,0.026,c,,        ,c,,Hydrazine Sulfate
Hydrogen Chloride (7647-01-0),7647-01-0,2800000,nm,12000000,nm,2.1,n,8.8,n,4.2,n,,        ,n,,Hydrogen Chloride
Hydrogen Fluoride (7664-39-3),7664-39-3,310,n,4700,n,1.5,n,6.1,n,2.8,n,,        ,n,,Hydrogen Fluoride
Hydrogen Sulfide (7783-06-4),7783-06-4,280000,nm,1200000,nm,0.21,n,0.88,n,0.42,n,,        ,n,,Hydrogen Sulfide
Hydroquinone (123-31-9),123-31-9,9,c*,38,c*,        ,,        ,,1.3,c*,,0.00087,c*,,Hydroquinone
Imazalil (35554-44-0),35554-44-0,8.9,c**,38,c**,        ,,        ,,0.9,c**,,0.015,c**,,Imazalil
Imazaquin (81335-37-7),81335-37-7,1600,n,21000,n,        ,,        ,,490,n,,2.4,n,,Imazaquin
Imazethapyr (81335-77-5),81335-77-5,16000,n,210000,nm,        ,,        ,,4700,n,,4.1,n,,Imazethapyr
Iodine (7553-56-2),7553-56-2,78,n,1200,n,        ,,        ,,20,n,,1.2,n,,Iodine
Iprodione (36734-19-7),36734-19-7,250,n,3300,n,        ,,        ,,74,n,,0.022,n,,Iprodione
Iron (7439-89-6),7439-89-6,5500,n,82000,n,        ,,        ,,1400,n,,35,n,,Iron
Isobutyl Alcohol (78-83-1),78-83-1,2300,n,35000,ns,        ,,        ,,590,n,,0.12,n,,Isobutyl Alcohol
Isophorone (78-59-1),78-59-1,570,c**,2400,c**,210,n,880,n,78,c**,,0.026,c**,,Isophorone
Isopropalin (33820-53-0),33820-53-0,120,n,1800,n,        ,,        ,,4,n,,0.092,n,,Isopropalin
Isopropanol (67-63-0),67-63-0,560,n,2400,n,21,n,88,n,41,n,,0.0084,n,,Isopropanol
Isopropyl Methyl Phosphonic Acid (1832-54-8),1832-54-8,630,n,8200,n,        ,,        ,,200,n,,0.043,n,,Isopropyl Methyl Phosphonic Acid
Isoxaben (82558-50-7),82558-50-7,320,n,4100,n,        ,,        ,,73,n,,0.2,n,,Isoxaben
JP-7 (E1737665),E1737665,43000000,nm,180000000,nm,31,n,130,n,63,n,,        ,n,,JP-7
Lactofen (77501-63-4),77501-63-4,51,n,660,n,        ,,        ,,10,n,,0.46,n,,Lactofen
Lactonitrile (78-97-7),78-97-7,1.3,n,16,n,        ,,        ,,0.4,n,,8.1E-05,n,,Lactonitrile
Lewisite (541-25-3),541-25-3,0.039,n,0.58,n,        ,,        ,,0.009,n,,3.8E-06,n,,Lewisite
Linuron (330-55-2),330-55-2,49,n,630,n,        ,,        ,,13,n,,0.011,n,,Linuron
Lithium (7439-93-2),7439-93-2,16,n,230,n,        ,,        ,,4,n,,1.2,n,,Lithium
Malathion (121-75-5),121-75-5,130,n,1600,n,        ,,        ,,39,n,,0.01,n,,Malathion
Maleic Anhydride (108-31-6),108-31-6,630,n,8000,n,0.073,n,0.31,n,190,n,,0.038,n,,Maleic Anhydride
Maleic Hydrazide (123-33-1),123-33-1,3200,n,41000,n,        ,,        ,,1000,n,,0.21,n,,Maleic Hydrazide
Malononitrile (109-77-3),109-77-3,0.63,n,8.2,n,        ,,        ,,0.2,n,,4.1E-05,n,,Malononitrile
Mancozeb (8018-01-7),8018-01-7,190,n,2500,n,        ,,        ,,54,n,,0.076,n,,Mancozeb
Maneb (12427-38-2),12427-38-2,32,n,410,n,        ,,        ,,9.8,n,,0.014,n,,Maneb
Manganese (Diet) (7439-96-5),7439-96-5,        ,,        ,,        ,,        ,,        ,,,        ,,,Manganese (Diet)
Manganese (Non-diet) (7439-96-5),7439-96-5,180,n,2600,n,0.0052,n,0.022,n,43,n,,2.8,n,,Manganese (Non-diet)
MCPA (94-74-6),94-74-6,3.2,n,41,n,        ,,        ,,0.75,n,,0.0002,n,,MCPA
MCPB (94-81-5),94-81-5,28,n,360,n,        ,,        ,,6.5,n,,0.0026,n,,MCPB
MCPP (93-65-2),93-65-2,6.3,n,82,n,        ,,        ,,1.6,n,,0.00047,n,,MCPP
Mephosfolan (950-10-7),950-10-7,0.57,n,7.4,n,        ,,        ,,0.18,n,,0.00026,n,,Mephosfolan
Mepiquat Chloride (24307-26-4),24307-26-4,190,n,2500,n,        ,,        ,,60,n,,0.02,n,,Mepiquat Chloride
"Mercaptobenzothiazole, 2- (149-30-4)",149-30-4,25,n,210,c**,        ,,        ,,6.3,c**,,0.018,c**,,"Mercaptobenzothiazole, 2-"
Merphos (150-50-5),150-50-5,0.23,n,3.5,n,        ,,        ,,0.06,n,,0.0059,n,,Merphos
Merphos Oxide (78-48-8),78-48-8,0.63,n,8.2,n,        ,,        ,,0.028,n,,0.00014,n,,Merphos Oxide
Metalaxyl (57837-19-1),57837-19-1,380,n,4900,n,        ,,        ,,120,n,,0.033,n,,Metalaxyl
Methacrylonitrile (126-98-7),126-98-7,0.75,n,10,n,3.1,n,13,n,0.19,n,,4.3E-05,n,,Methacrylonitrile
Methamidophos (10265-92-6),10265-92-6,0.32,n,4.1,n,        ,,        ,,0.1,n,,2.1E-05,n,,Methamidophos
Methanol (67-56-1),67-56-1,12000,n,120000,nms,2100,n,8800,n,2000,n,,0.41,n,,Methanol
Methidathion (950-37-8),950-37-8,9.5,n,120,n,        ,,        ,,2.9,n,,0.00071,n,,Methidathion
Methomyl (16752-77-5),16752-77-5,160,n,2100,n,        ,,        ,,50,n,,0.011,n,,Methomyl
"Methoxy-5-nitroaniline, 2- (99-59-2)",99-59-2,11,c,47,c,0.2,c,0.88,c,1.5,c,,0.00053,c,,"Methoxy-5-nitroaniline, 2-"
Methoxychlor (72-43-5),72-43-5,32,n,410,n,        ,,        ,,3.7,n,40,0.2,n,2.2,Methoxychlor
"Methoxyethanol Acetate, 2- (110-49-6)",110-49-6,11,n,51,n,0.1,n,0.44,n,0.21,n,,4.2E-05,n,,"Methoxyethanol Acetate, 2-"
"Methoxyethanol, 2- (109-86-4)",109-86-4,33,n,350,n,2.1,n,8.8,n,2.9,n,,0.00059,n,,"Methoxyethanol, 2-"
Methyl Acetate (79-20-9),79-20-9,7800,n,120000,nms,        ,,        ,,2000,n,,0.41,n,,Methyl Acetate
Methyl Acrylate (96-33-3),96-33-3,15,n,61,n,2.1,n,8.8,n,4.2,n,,0.00089,n,,Methyl Acrylate
Methyl Ethyl Ketone (2-Butanone) (78-93-3),78-93-3,2700,n,19000,n,520,n,2200,n,560,n,,0.12,n,,Methyl Ethyl Ketone (2-Butanone)
Methyl Hydrazine (60-34-4),60-34-4,0.1,n,0.44,n,0.0021,n,0.0088,n,0.0042,n,,9.4E-07,n,,Methyl Hydrazine
Methyl Isobutyl Ketone (4-methyl-2-pentanone) (108-10-1),108-10-1,3300,n,14000,ns,310,n,1300,n,630,n,,0.14,n,,Methyl Isobutyl Ketone (4-methyl-2-pentanone)
Methyl Isocyanate (624-83-9),624-83-9,0.46,n,1.9,n,0.1,n,0.44,n,0.21,n,,5.9E-05,n,,Methyl Isocyanate
Methyl Methacrylate (80-62-6),80-62-6,440,n,1900,n,73,n,310,n,140,n,,0.03,n,,Methyl Methacrylate
Methyl methanesulfonate (66-27-3),66-27-3,5.5,c,23,c,0.1,c,0.44,c,0.79,c,,0.00016,c,,Methyl methanesulfonate
Methyl Parathion (298-00-0),298-00-0,1.6,n,21,n,        ,,        ,,0.45,n,,0.00074,n,,Methyl Parathion
Methyl Phosphonic Acid (993-13-5),993-13-5,380,n,4900,n,        ,,        ,,120,n,,0.024,n,,Methyl Phosphonic Acid
Methyl Styrene (Mixed Isomers) (25013-15-4),25013-15-4,32,n,260,n,4.2,n,18,n,2.3,n,,0.0038,n,,Methyl Styrene (Mixed Isomers)
Methyl tert-Butyl Ether (MTBE) (1634-04-4),1634-04-4,47,c*,210,c*,11,c*,47,c*,14,c*,,0.0032,c*,,Methyl tert-Butyl Ether (MTBE)
"Methyl-1,4-benzenediamine dihydrochloride, 2- (615-45-2)",615-45-2,1.9,n,25,n,        ,,        ,,0.6,n,,0.00036,n,,"Methyl-1,4-benzenediamine dihydrochloride, 2-"
"Methyl-2-Pentanol, 4- (108-11-2)",108-11-2,5400,ns,23000,ns,310,n,1300,n,630,n,,0.14,n,,"Methyl-2-Pentanol, 4-"
"Methyl-5-Nitroaniline, 2- (99-55-8)",99-55-8,60,c**,260,c**,        ,,        ,,8.2,c**,,0.0046,c**,,"Methyl-5-Nitroaniline, 2-"
"Methylaniline Hydrochloride, 2- (636-21-5)",636-21-5,4.2,c,18,c,0.076,c,0.33,c,0.6,c,,0.00026,c,,"Methylaniline Hydrochloride, 2-"
Methylarsonic acid (124-58-3),124-58-3,63,n,820,n,        ,,        ,,20,n,,0.0058,n,,Methylarsonic acid
"Methylbenzene,1-4-diamine monohydrochloride, 2- (74612-12-7)",74612-12-7,1.3,n,16,n,        ,,        ,,0.4,n,,        ,n,,"Methylbenzene,1-4-diamine monohydrochloride, 2-"
"Methylbenzene-1,4-diamine sulfate, 2- (615-50-9)",615-50-9,1.9,n,23,c**,        ,,        ,,0.6,n,,        ,n,,"Methylbenzene-1,4-diamine sulfate, 2-"
"Methylcholanthrene, 3- (56-49-5)",56-49-5,0.0055,c,0.1,c,0.00016,c,0.0019,c,0.0011,c,,0.0022,c,,"Methylcholanthrene, 3-"
Methylene Chloride (75-09-2),75-09-2,35,n,320,n,63,n,260,n,11,n,5,0.0027,n,0.0013,Methylene Chloride
"Methylene-bis(2-chloroaniline), 4,4'- (101-14-4)",101-14-4,1.2,c*,23,c**,0.0024,c,0.029,c,0.16,c*,,0.0018,c*,,"Methylene-bis(2-chloroaniline), 4,4'-"
"Methylene-bis(N,N-dimethyl) Aniline, 4,4'- (101-61-1)",101-61-1,12,c,50,c,0.22,c,0.94,c,0.48,c,,0.0026,c,,"Methylene-bis(N,N-dimethyl) Aniline, 4,4'-"
"Methylenebisbenzenamine, 4,4'- (101-77-9)",101-77-9,0.34,c,1.4,c,0.0061,c,0.027,c,0.047,c,,0.00021,c,,"Methylenebisbenzenamine, 4,4'-"
Methylenediphenyl Diisocyanate (101-68-8),101-68-8,85000,n,360000,nm,0.063,n,0.26,n,        ,,,        ,,,Methylenediphenyl Diisocyanate
"Methyl-N-nitro-N-nitrosoguanidine, N- (70-25-7)",70-25-7,0.065,c,0.28,c,0.0012,c,0.0051,c,0.0094,c,,3.2E-06,c,,"Methyl-N-nitro-N-nitrosoguanidine, N-"
"Methylstyrene, Alpha- (98-83-9)",98-83-9,550,ns,8200,ns,        ,,        ,,78,n,,0.12,n,,"Methylstyrene, Alpha-"
Metolachlor (51218-45-2),51218-45-2,950,n,12000,n,        ,,        ,,270,n,,0.32,n,,Metolachlor
Metribuzin (21087-64-9),21087-64-9,160,n,2100,n,        ,,        ,,49,n,,0.015,n,,Metribuzin
Metsulfuron-methyl (74223-64-6),74223-64-6,1600,n,21000,n,        ,,        ,,490,n,,0.19,n,,Metsulfuron-methyl
Mineral oils (8012-95-1),8012-95-1,23000,ns,350000,nms,        ,,        ,,6000,n,,240,n,,Mineral oils
Mirex (2385-85-5),2385-85-5,0.036,c*,0.17,c,0.00055,c,0.0024,c,0.00088,c,,0.00063,c,,Mirex
Molinate (2212-67-1),2212-67-1,13,n,160,n,        ,,        ,,3,n,,0.0017,n,,Molinate
Molybdenum (7439-98-7),7439-98-7,39,n,580,n,        ,,        ,,10,n,,0.2,n,,Molybdenum
Monochloramine (10599-90-3),10599-90-3,780,n,12000,n,        ,,        ,,200,n,4000,        ,n,,Monochloramine
Monomethylaniline (100-61-8),100-61-8,13,n,160,n,        ,,        ,,3.8,n,,0.0014,n,,Monomethylaniline
Myclobutanil (88671-89-0),88671-89-0,160,n,2100,n,        ,,        ,,45,n,,0.56,n,,Myclobutanil
"N,N'-Diphenyl-1,4-benzenediamine (74-31-7)",74-31-7,1.9,n,25,n,        ,,        ,,0.36,n,,0.037,n,,"N,N'-Diphenyl-1,4-benzenediamine"
Naled (300-76-5),300-76-5,16,n,230,n,        ,,        ,,4,n,,0.0018,n,,Naled
"Naphtha, High Flash Aromatic (HFAN) (64742-95-6)",64742-95-6,230,n,3500,n,10,n,44,n,15,n,,        ,n,,"Naphtha, High Flash Aromatic (HFAN)"
"Naphthylamine, 2- (91-59-8)",91-59-8,0.3,c,1.3,c,        ,,        ,,0.039,c,,0.0002,c,,"Naphthylamine, 2-"
Napropamide (15299-99-7),15299-99-7,760,n,9800,n,        ,,        ,,200,n,,1.3,n,,Napropamide
Nickel Acetate (373-02-4),373-02-4,67,n,810,n,0.0015,n,0.0061,n,22,n,,0.0045,n,,Nickel Acetate
Nickel Carbonate (3333-67-3),3333-67-3,67,n,810,n,0.0015,n,0.0061,n,22,n,,        ,n,,Nickel Carbonate
Nickel Carbonyl (13463-39-3),13463-39-3,82,n,1100,n,0.0015,n,0.0061,n,0.0029,n,,        ,n,,Nickel Carbonyl
Nickel Hydroxide (12054-48-7),12054-48-7,82,n,1100,n,0.0015,n,0.0061,n,20,n,,        ,n,,Nickel Hydroxide
Nickel Oxide (1313-99-1),1313-99-1,84,n,1200,n,0.0021,n,0.0088,n,20,n,,        ,n,,Nickel Oxide
Nickel Refinery Dust (E715532),E715532,82,n,1100,n,0.0015,n,0.0061,n,22,n,,3.2,n,,Nickel Refinery Dust
Nickel Soluble Salts (7440-02-0),7440-02-0,150,n,2200,n,0.0094,n,0.039,n,39,n,,2.6,n,,Nickel Soluble Salts
Nickel Subsulfide (12035-72-2),12035-72-2,0.41,c,1.9,c,0.0015,n,0.0061,n,0.045,c,,        ,c,,Nickel Subsulfide
Nickelocene (1271-28-9),1271-28-9,67,n,810,n,0.0015,n,0.0061,n,22,n,,        ,n,,Nickelocene
Nitrate (14797-55-8),14797-55-8,13000,n,190000,nm,        ,,        ,,3200,n,10000,        ,n,,Nitrate
Nitrate + Nitrite (as N) (E701177),E701177,        ,,        ,,        ,,        ,,        ,,10000,        ,,,Nitrate + Nitrite (as N)
Nitrite (14797-65-0),14797-65-0,780,n,12000,n,        ,,        ,,200,n,1000,        ,n,,Nitrite
"Nitroaniline, 2- (88-74-4)",88-74-4,63,n,800,n,0.0052,n,0.022,n,19,n,,0.008,n,,"Nitroaniline, 2-"
"Nitroaniline, 4- (100-01-6)",100-01-6,25,n,110,c**,0.63,n,2.6,n,3.8,c**,,0.0016,c**,,"Nitroaniline, 4-"
Nitrobenzene (98-95-3),98-95-3,5.1,c**,22,c**,0.07,c*,0.31,c*,0.14,c**,,9.2E-05,c**,,Nitrobenzene
Nitrocellulose (9004-70-0),9004-70-0,19000000,nm,250000000,nm,        ,,        ,,6000000,n,,1300,n,,Nitrocellulose
Nitrofurantoin (67-20-9),67-20-9,440,n,5700,n,        ,,        ,,140,n,,0.061,n,,Nitrofurantoin
Nitrofurazone (59-87-0),59-87-0,0.42,c,1.8,c,0.0076,c,0.033,c,0.06,c,,5.4E-05,c,,Nitrofurazone
Nitroglycerin (55-63-0),55-63-0,0.63,n,8.2,n,        ,,        ,,0.2,n,,8.5E-05,n,,Nitroglycerin
Nitroguanidine (556-88-7),556-88-7,630,n,8200,n,        ,,        ,,200,n,,0.048,n,,Nitroguanidine
Nitromethane (75-52-5),75-52-5,5.4,c**,24,c**,0.32,c**,1.4,c**,0.64,c**,,0.00014,c**,,Nitromethane
"Nitropropane, 2- (79-46-9)",79-46-9,0.014,c,0.06,c,0.001,c,0.0045,c,0.0021,c,,5.4E-07,c,,"Nitropropane, 2-"
"Nitrosodiethanolamine, N- (1116-54-7)",1116-54-7,0.19,c,0.82,c,0.0035,c,0.015,c,0.028,c,,5.6E-06,c,,"Nitrosodiethanolamine, N-"
"Nitrosodiethylamine, N- (55-18-5)",55-18-5,0.00081,c,0.015,c,2.4E-05,c,0.00029,c,0.00017,c,,6.1E-08,c,,"Nitrosodiethylamine, N-"
"Nitrosodimethylamine, N- (62-75-9)",62-75-9,0.002,c*,0.034,c*,7.2E-05,c*,0.00088,c*,0.00011,c*,,2.7E-08,c*,,"Nitrosodimethylamine, N-"
"Nitroso-di-N-butylamine, N- (924-16-3)",924-16-3,0.099,c,0.46,c,0.0018,c,0.0077,c,0.0027,c,,5.5E-06,c,,"Nitroso-di-N-butylamine, N-"
"Nitroso-di-N-propylamine, N- (621-64-7)",621-64-7,0.078,c,0.33,c,0.0014,c,0.0061,c,0.011,c,,8.1E-06,c,,"Nitroso-di-N-propylamine, N-"
"Nitrosodiphenylamine, N- (86-30-6)",86-30-6,110,c,470,c,1.1,c,4.7,c,12,c,,0.067,c,,"Nitrosodiphenylamine, N-"
"Nitrosomethylethylamine, N- (10595-95-6)",10595-95-6,0.02,c,0.091,c,0.00045,c,0.0019,c,0.00071,c,,2E-07,c,,"Nitrosomethylethylamine, N-"
Nitrosomorpholine [N-] (59-89-2),59-89-2,0.081,c,0.34,c,0.0015,c,0.0065,c,0.012,c,,2.8E-06,c,,Nitrosomorpholine [N-]
"Nitroso-N-ethylurea, N- (759-73-9)",759-73-9,0.0045,c,0.085,c,0.00013,c,0.0016,c,0.00092,c,,2.2E-07,c,,"Nitroso-N-ethylurea, N-"
"Nitroso-N-methylurea, N- (684-93-5)",684-93-5,0.001,c,0.019,c,3E-05,c,0.00036,c,0.00021,c,,4.6E-08,c,,"Nitroso-N-methylurea, N-"
Nitrosopiperidine [N-] (100-75-4),100-75-4,0.058,c,0.24,c,0.001,c,0.0045,c,0.0082,c,,4.4E-06,c,,Nitrosopiperidine [N-]
"Nitrosopyrrolidine, N- (930-55-2)",930-55-2,0.26,c,1.1,c,0.0046,c,0.02,c,0.037,c,,1.4E-05,c,,"Nitrosopyrrolidine, N-"
"Nitrotoluene, m- (99-08-1)",99-08-1,0.63,n,8.2,n,        ,,        ,,0.17,n,,0.00016,n,,"Nitrotoluene, m-"
"Nitrotoluene, o- (88-72-2)",88-72-2,3.2,c**,15,c**,        ,,        ,,0.31,c**,,0.0003,c**,,"Nitrotoluene, o-"
"Nitrotoluene, p- (99-99-0)",99-99-0,25,n,140,c**,        ,,        ,,4.3,c**,,0.004,c**,,"Nitrotoluene, p-"
"Nonane, n- (111-84-2)",111-84-2,1.1,n,7.2,ns,2.1,n,8.8,n,0.53,n,,0.0075,n,,"Nonane, n-"
Norflurazon (27314-13-2),27314-13-2,95,n,1200,n,        ,,        ,,29,n,,0.19,n,,Norflurazon
Octabromodiphenyl Ether (32536-52-0),32536-52-0,19,n,250,n,        ,,        ,,6,n,,1.2,n,,Octabromodiphenyl Ether
"Octahydro-1,3,5,7-tetranitro-1,3,5,7-tetrazocine (HMX) (2691-41-0)",2691-41-0,390,n,5700,n,        ,,        ,,100,n,,0.13,n,,"Octahydro-1,3,5,7-tetranitro-1,3,5,7-tetrazocine (HMX)"
Octamethylpyrophosphoramide (152-16-9),152-16-9,13,n,160,n,        ,,        ,,4,n,,0.00096,n,,Octamethylpyrophosphoramide
Oryzalin (19044-88-3),19044-88-3,70,c*,290,c*,        ,,        ,,7.9,c*,,0.015,c*,,Oryzalin
Oxadiazon (19666-30-9),19666-30-9,32,n,410,n,        ,,        ,,4.7,n,,0.048,n,,Oxadiazon
Oxamyl (23135-22-0),23135-22-0,160,n,2100,n,        ,,        ,,50,n,200,0.011,n,0.044,Oxamyl
Oxyfluorfen (42874-03-3),42874-03-3,7.4,c*,31,c*,        ,,        ,,0.54,c*,,0.043,c*,,Oxyfluorfen
Paclobutrazol (76738-62-0),76738-62-0,82,n,1100,n,        ,,        ,,23,n,,0.046,n,,Paclobutrazol
Paraquat Dichloride (1910-42-5),1910-42-5,28,n,370,n,        ,,        ,,9,n,,0.12,n,,Paraquat Dichloride
Parathion (56-38-2),56-38-2,38,n,490,n,        ,,        ,,8.6,n,,0.043,n,,Parathion
Pebulate (1114-71-2),1114-71-2,390,n,5800,n,        ,,        ,,56,n,,0.045,n,,Pebulate
Pendimethalin (40487-42-1),40487-42-1,1900,n,25000,n,        ,,        ,,140,n,,1.6,n,,Pendimethalin
Pentabromodiphenyl Ether (32534-81-9),32534-81-9,16,ns,230,ns,        ,,        ,,4,n,,0.17,n,,Pentabromodiphenyl Ether
"Pentabromodiphenyl ether, 2,2',4,4',5- (BDE-99) (60348-60-9)",60348-60-9,0.63,n,8.2,n,        ,,        ,,0.2,n,,0.0087,n,,"Pentabromodiphenyl ether, 2,2',4,4',5- (BDE-99)"
Pentachlorobenzene (608-93-5),608-93-5,6.3,n,93,n,        ,,        ,,0.32,n,,0.0024,n,,Pentachlorobenzene
Pentachloroethane (76-01-7),76-01-7,7.7,c,36,c,        ,,        ,,0.65,c,,0.00031,c,,Pentachloroethane
Pentachloronitrobenzene (82-68-8),82-68-8,2.7,c**,13,c*,        ,,        ,,0.12,c*,,0.0015,c*,,Pentachloronitrobenzene
Pentachlorophenol (87-86-5),87-86-5,1,c*,4,c*,0.55,c,2.4,c,0.041,c*,1,5.7E-05,c*,0.0014,Pentachlorophenol
Pentaerythritol tetranitrate (PETN) (78-11-5),78-11-5,13,n,160,n,        ,,        ,,3.9,n,,0.0058,n,,Pentaerythritol tetranitrate (PETN)
"Pentane, n- (109-66-0)",109-66-0,81,n,340,n,100,n,440,n,210,n,,1,n,,"Pentane, n-"
Perfluorobutane sulfonic acid (PFBS) (375-73-5),375-73-5,130,n,1600,n,        ,,        ,,40,n,,0.013,n,,Perfluorobutane sulfonic acid (PFBS)
Perfluorobutanesulfonate (45187-15-3),45187-15-3,130,n,1600,n,        ,,        ,,40,n,,0.013,n,,Perfluorobutanesulfonate
Permethrin (52645-53-1),52645-53-1,320,n,4100,n,        ,,        ,,100,n,,24,n,,Permethrin
Phenacetin (62-44-2),62-44-2,250,c,1000,c,4.5,c,19,c,34,c,,0.0097,c,,Phenacetin
Phenmedipham (13684-63-4),13684-63-4,1500,n,20000,n,        ,,        ,,380,n,,2.1,n,,Phenmedipham
Phenol (108-95-2),108-95-2,1900,n,25000,n,21,n,88,n,580,n,,0.33,n,,Phenol
"Phenol, 2-(1-methylethoxy)-, methylcarbamate (114-26-1)",114-26-1,25,n,330,n,        ,,        ,,7.8,n,,0.0025,n,,"Phenol, 2-(1-methylethoxy)-, methylcarbamate"
Phenothiazine (92-84-2),92-84-2,3.2,n,41,n,        ,,        ,,0.43,n,,0.0014,n,,Phenothiazine
Phenyl Isothiocyanate (103-72-0),103-72-0,1.6,n,23,n,        ,,        ,,0.26,n,,0.00017,n,,Phenyl Isothiocyanate
"Phenylenediamine, m- (108-45-2)",108-45-2,38,n,490,n,        ,,        ,,12,n,,0.0032,n,,"Phenylenediamine, m-"
"Phenylenediamine, o- (95-54-5)",95-54-5,4.5,c**,19,c*,        ,,        ,,0.65,c*,,0.00017,c*,,"Phenylenediamine, o-"
"Phenylenediamine, p- (106-50-3)",106-50-3,6.3,n,82,n,        ,,        ,,2,n,,0.00054,n,,"Phenylenediamine, p-"
"Phenylphenol, 2- (90-43-7)",90-43-7,280,c,1200,c,        ,,        ,,30,c,,0.41,c,,"Phenylphenol, 2-"
Phorate (298-02-2),298-02-2,1.3,n,16,n,        ,,        ,,0.3,n,,0.00034,n,,Phorate
Phosgene (75-44-5),75-44-5,0.031,n,0.13,n,0.031,n,0.13,n,        ,,,        ,,,Phosgene
Phosmet (732-11-6),732-11-6,130,n,1600,n,        ,,        ,,37,n,,0.0082,n,,Phosmet
Phosphine (7803-51-2),7803-51-2,2.3,n,35,n,0.031,n,0.13,n,0.057,n,,        ,n,,Phosphine
Phosphoric Acid (7664-38-2),7664-38-2,300000,nm,2900000,nm,1,n,4.4,n,97000,n,,        ,n,,Phosphoric Acid
"Phosphorus, White (7723-14-0)",7723-14-0,0.16,n,2.3,n,        ,,        ,,0.04,n,,0.00015,n,,"Phosphorus, White"
Picloram (1918-02-1),1918-02-1,440,n,5700,n,        ,,        ,,140,n,500,0.038,n,0.14,Picloram
"Picramic Acid (2-Amino-4,6-dinitrophenol) (96-91-3)",96-91-3,0.63,n,8.2,n,        ,,        ,,0.2,n,,0.00013,n,,"Picramic Acid (2-Amino-4,6-dinitrophenol)"
"Picric Acid (2,4,6-Trinitrophenol) (88-89-1)",88-89-1,5.7,n,74,n,        ,,        ,,1.8,n,,0.0084,n,,"Picric Acid (2,4,6-Trinitrophenol)"
"Pirimiphos, Methyl (29232-93-7)",29232-93-7,0.44,n,5.7,n,        ,,        ,,0.085,n,,8.1E-05,n,,"Pirimiphos, Methyl"
Polybrominated Biphenyls (59536-65-1),59536-65-1,0.018,c**,0.077,c**,0.00033,c,0.0014,c,0.0026,c**,,        ,c**,,Polybrominated Biphenyls
Polymeric Methylene Diphenyl Diisocyanate (PMDI) (9016-87-9),9016-87-9,85000,n,360000,nm,0.063,n,0.26,n,        ,,,        ,,,Polymeric Methylene Diphenyl Diisocyanate (PMDI)
Potassium Perfluorobutane Sulfonate (29420-49-3),29420-49-3,130,n,1600,n,        ,,        ,,40,n,,        ,n,,Potassium Perfluorobutane Sulfonate
Prochloraz (67747-09-5),67747-09-5,3.6,c*,15,c*,        ,,        ,,0.38,c*,,0.0019,c*,,Prochloraz
Profluralin (26399-36-0),26399-36-0,47,n,700,n,        ,,        ,,2.6,n,,0.16,n,,Profluralin
Prometon (1610-18-0),1610-18-0,95,n,1200,n,        ,,        ,,25,n,,0.012,n,,Prometon
Prometryn (7287-19-6),7287-19-6,250,n,3300,n,        ,,        ,,60,n,,0.09,n,,Prometryn
Propachlor (1918-16-7),1918-16-7,82,n,1100,n,        ,,        ,,25,n,,0.015,n,,Propachlor
Propanil (709-98-8),709-98-8,32,n,410,n,        ,,        ,,8.2,n,,0.0045,n,,Propanil
Propargite (2312-35-8),2312-35-8,2.8,c*,12,c,        ,,        ,,0.16,c,,0.011,c,,Propargite
Propargyl Alcohol (107-19-7),107-19-7,16,n,230,n,        ,,        ,,4,n,,0.00081,n,,Propargyl Alcohol
Propazine (139-40-2),139-40-2,130,n,1600,n,        ,,        ,,34,n,,0.03,n,,Propazine
Propham (122-42-9),122-42-9,130,n,1600,n,        ,,        ,,35,n,,0.022,n,,Propham
Propiconazole (60207-90-1),60207-90-1,630,n,8200,n,        ,,        ,,160,n,,0.53,n,,Propiconazole
Propionaldehyde (123-38-6),123-38-6,7.5,n,31,n,0.83,n,3.5,n,1.7,n,,0.00034,n,,Propionaldehyde
Propyl benzene (103-65-1),103-65-1,380,ns,2400,ns,100,n,440,n,66,n,,0.12,n,,Propyl benzene
Propylene (115-07-1),115-07-1,220,n,930,ns,310,n,1300,n,630,n,,0.6,n,,Propylene
Propylene Glycol (57-55-6),57-55-6,130000,nm,1600000,nm,        ,,        ,,40000,n,,8.1,n,,Propylene Glycol
Propylene Glycol Dinitrate (6423-43-4),6423-43-4,39000,n,160000,nm,0.028,n,0.12,n,        ,,,        ,,,Propylene Glycol Dinitrate
Propylene Glycol Monomethyl Ether (107-98-2),107-98-2,4100,n,37000,n,210,n,880,n,320,n,,0.065,n,,Propylene Glycol Monomethyl Ether
Propylene Oxide (75-56-9),75-56-9,2.1,c*,9.7,c*,0.76,c**,3.3,c**,0.27,c*,,5.6E-05,c*,,Propylene Oxide
Propyzamide (23950-58-5),23950-58-5,470,n,6200,n,        ,,        ,,120,n,,0.12,n,,Propyzamide
Pyridine (110-86-1),110-86-1,7.8,n,120,n,        ,,        ,,2,n,,0.00068,n,,Pyridine
Quinalphos (13593-03-8),13593-03-8,3.2,n,41,n,        ,,        ,,0.51,n,,0.0043,n,,Quinalphos
Quinoline (91-22-5),91-22-5,0.18,c,0.77,c,        ,,        ,,0.024,c,,7.8E-05,c,,Quinoline
Quizalofop-ethyl (76578-14-8),76578-14-8,57,n,740,n,        ,,        ,,12,n,,0.19,n,,Quizalofop-ethyl
Refractory Ceramic Fibers (E715557),E715557,4300000,nm,18000000,nm,3.1,n,13,n,        ,,,        ,,,Refractory Ceramic Fibers
Resmethrin (10453-86-8),10453-86-8,190,n,2500,n,        ,,        ,,6.7,n,,4.2,n,,Resmethrin
Ronnel (299-84-3),299-84-3,390,n,5800,n,        ,,        ,,41,n,,0.37,n,,Ronnel
Rotenone (83-79-4),83-79-4,25,n,330,n,        ,,        ,,6.1,n,,3.2,n,,Rotenone
Safrole (94-59-7),94-59-7,0.55,c,10,c,0.016,c,0.19,c,0.096,c,,5.9E-05,c,,Safrole
Selenious Acid (7783-00-8),7783-00-8,39,n,580,n,        ,,        ,,10,n,,        ,n,,Selenious Acid
Selenium (7782-49-2),7782-49-2,39,n,580,n,2.1,n,8.8,n,10,n,50,0.052,n,0.26,Selenium
Selenium Sulfide (7446-34-6),7446-34-6,39,n,580,n,2.1,n,8.8,n,10,n,,        ,n,,Selenium Sulfide
Sethoxydim (74051-80-2),74051-80-2,880,n,11000,n,        ,,        ,,160,n,,1.4,n,,Sethoxydim
"Silica (crystalline, respirable) (7631-86-9)",7631-86-9,430000,nm,1800000,nm,0.31,n,1.3,n,        ,,,        ,,,"Silica (crystalline, respirable)"
Silver (7440-22-4),7440-22-4,39,n,580,n,        ,,        ,,9.4,n,,0.08,n,,Silver
Simazine (122-34-9),122-34-9,4.5,c**,19,c*,        ,,        ,,0.61,c*,4,0.0003,c*,0.002,Simazine
Sodium Acifluorfen (62476-59-9),62476-59-9,82,n,1100,n,        ,,        ,,26,n,,0.21,n,,Sodium Acifluorfen
Sodium Azide (26628-22-8),26628-22-8,31,n,470,n,        ,,        ,,8,n,,        ,n,,Sodium Azide
Sodium Diethyldithiocarbamate (148-18-5),148-18-5,2,c*,8.5,c,        ,,        ,,0.29,c,,0.00018,c,,Sodium Diethyldithiocarbamate
Sodium Fluoride (7681-49-4),7681-49-4,390,n,5800,n,1.4,n,5.7,n,100,n,4000,        ,n,,Sodium Fluoride
Sodium Fluoroacetate (62-74-8),62-74-8,0.13,n,1.6,n,        ,,        ,,0.04,n,,8.1E-06,n,,Sodium Fluoroacetate
Sodium Metavanadate (13718-26-8),13718-26-8,7.8,n,120,n,        ,,        ,,2,n,,        ,n,,Sodium Metavanadate
Sodium Tungstate (13472-45-2),13472-45-2,6.3,n,93,n,        ,,        ,,1.6,n,,        ,n,,Sodium Tungstate
Sodium Tungstate Dihydrate (10213-10-2),10213-10-2,6.3,n,93,n,        ,,        ,,1.6,n,,        ,n,,Sodium Tungstate Dihydrate
Stirofos (Tetrachlorovinphos) (961-11-5),961-11-5,23,c**,96,c*,        ,,        ,,2.8,c*,,0.0082,c*,,Stirofos (Tetrachlorovinphos)
"Strontium, Stable (7440-24-6)",7440-24-6,4700,n,70000,n,        ,,        ,,1200,n,,42,n,,"Strontium, Stable"
Strychnine (57-24-9),57-24-9,1.9,n,25,n,        ,,        ,,0.59,n,,0.0065,n,,Strychnine
Styrene (100-42-5),100-42-5,600,n,3500,ns,100,n,440,n,120,n,100,0.13,n,0.11,Styrene
Styrene-Acrylonitrile (SAN) Trimer (),,19,n,250,n,        ,,        ,,4.8,n,,        ,n,,Styrene-Acrylonitrile (SAN) Trimer
Sulfolane (126-33-0),126-33-0,6.3,n,82,n,0.21,n,0.88,n,2,n,,0.00044,n,,Sulfolane
"Sulfonylbis(4-chlorobenzene), 1,1'- (80-07-9)",80-07-9,5.1,n,66,n,        ,,        ,,1.1,n,,0.0065,n,,"Sulfonylbis(4-chlorobenzene), 1,1'-"
Sulfur Trioxide (7446-11-9),7446-11-9,140000,nm,600000,nm,0.1,n,0.44,n,0.21,n,,        ,n,,Sulfur Trioxide
Sulfuric Acid (7664-93-9),7664-93-9,140000,nm,600000,nm,0.1,n,0.44,n,        ,,,        ,,,Sulfuric Acid
"Sulfurous acid, 2-chloroethyl 2-[4-(1,1-dimethylethyl)phenoxy]-1-methylethyl ester (140-57-8)",140-57-8,22,c*,92,c*,0.4,c,1.7,c,1.3,c*,,0.015,c*,,"Sulfurous acid, 2-chloroethyl 2-[4-(1,1-dimethylethyl)phenoxy]-1-methylethyl ester"
TCMTB (21564-17-0),21564-17-0,190,n,2500,n,        ,,        ,,48,n,,0.33,n,,TCMTB
Tebuthiuron (34014-18-1),34014-18-1,440,n,5700,n,        ,,        ,,140,n,,0.039,n,,Tebuthiuron
Temephos (3383-96-8),3383-96-8,130,n,1600,n,        ,,        ,,40,n,,7.6,n,,Temephos
Terbacil (5902-51-2),5902-51-2,82,n,1100,n,        ,,        ,,25,n,,0.0075,n,,Terbacil
Terbufos (13071-79-9),13071-79-9,0.2,n,2.9,n,        ,,        ,,0.024,n,,5.2E-05,n,,Terbufos
Terbutryn (886-50-0),886-50-0,6.3,n,82,n,        ,,        ,,1.3,n,,0.0019,n,,Terbutryn
"Tetrabromodiphenyl ether, 2,2',4,4'- (BDE-47) (5436-43-1)",5436-43-1,0.63,n,8.2,n,        ,,        ,,0.2,n,,0.0053,n,,"Tetrabromodiphenyl ether, 2,2',4,4'- (BDE-47)"
"Tetrachlorobenzene, 1,2,4,5- (95-94-3)",95-94-3,2.3,n,35,n,        ,,        ,,0.17,n,,0.00079,n,,"Tetrachlorobenzene, 1,2,4,5-"
"Tetrachloroethane, 1,1,1,2- (630-20-6)",630-20-6,2,c,8.8,c,0.38,c,1.7,c,0.57,c*,,0.00022,c*,,"Tetrachloroethane, 1,1,1,2-"
"Tetrachloroethane, 1,1,2,2- (79-34-5)",79-34-5,0.6,c,2.7,c,0.048,c,0.21,c,0.076,c,,3E-05,c,,"Tetrachloroethane, 1,1,2,2-"
Tetrachloroethylene (127-18-4),127-18-4,8.1,n,39,n,4.2,n,18,n,4.1,n,5,0.0018,n,0.0023,Tetrachloroethylene
"Tetrachlorophenol, 2,3,4,6- (58-90-2)",58-90-2,190,n,2500,n,        ,,        ,,24,n,,0.018,n,,"Tetrachlorophenol, 2,3,4,6-"
"Tetrachlorotoluene, p- alpha, alpha, alpha- (5216-25-1)",5216-25-1,0.035,c,0.16,c,        ,,        ,,0.0013,c,,4.5E-06,c,,"Tetrachlorotoluene, p- alpha, alpha, alpha-"
Tetraethyl Dithiopyrophosphate (3689-24-5),3689-24-5,3.2,n,41,n,        ,,        ,,0.71,n,,0.00052,n,,Tetraethyl Dithiopyrophosphate
"Tetrafluoroethane, 1,1,1,2- (811-97-2)",811-97-2,10000,ns,43000,ns,8300,n,35000,n,17000,n,,9.3,n,,"Tetrafluoroethane, 1,1,1,2-"
Tetryl (Trinitrophenylmethylnitramine) (479-45-8),479-45-8,16,n,230,n,        ,,        ,,3.9,n,,0.037,n,,Tetryl (Trinitrophenylmethylnitramine)
Thallic Oxide (1314-32-5),1314-32-5,0.16,n,2.3,n,        ,,        ,,0.04,n,,        ,n,,Thallic Oxide
Thallium (I) Nitrate (10102-45-1),10102-45-1,0.078,n,1.2,n,        ,,        ,,0.02,n,,        ,n,,Thallium (I) Nitrate
Thallium (Soluble Salts) (7440-28-0),7440-28-0,0.078,n,1.2,n,        ,,        ,,0.02,n,2,0.0014,n,0.14,Thallium (Soluble Salts)
Thallium Acetate (563-68-8),563-68-8,0.078,n,1.2,n,        ,,        ,,0.02,n,,4.1E-06,n,,Thallium Acetate
Thallium Carbonate (6533-73-9),6533-73-9,0.16,n,2.3,n,        ,,        ,,0.04,n,,8.3E-06,n,,Thallium Carbonate
Thallium Chloride (7791-12-0),7791-12-0,0.078,n,1.2,n,        ,,        ,,0.02,n,,        ,n,,Thallium Chloride
Thallium Selenite (12039-52-0),12039-52-0,0.078,n,1.2,n,        ,,        ,,0.02,n,,        ,n,,Thallium Selenite
Thallium Sulfate (7446-18-6),7446-18-6,0.16,n,2.3,n,        ,,        ,,0.04,n,,        ,n,,Thallium Sulfate
Thifensulfuron-methyl (79277-27-3),79277-27-3,270,n,3500,n,        ,,        ,,86,n,,0.026,n,,Thifensulfuron-methyl
Thiobencarb (28249-77-6),28249-77-6,63,n,820,n,        ,,        ,,16,n,,0.055,n,,Thiobencarb
Thiodiglycol (111-48-8),111-48-8,540,n,7900,n,        ,,        ,,140,n,,0.028,n,,Thiodiglycol
Thiofanox (39196-18-4),39196-18-4,1.9,n,25,n,        ,,        ,,0.53,n,,0.00018,n,,Thiofanox
"Thiophanate, Methyl (23564-05-8)",23564-05-8,47,c**,200,c*,        ,,        ,,6.7,c**,,0.0057,c**,,"Thiophanate, Methyl"
Thiram (137-26-8),137-26-8,95,n,1200,n,        ,,        ,,29,n,,0.042,n,,Thiram
Tin (7440-31-5),7440-31-5,4700,n,70000,n,        ,,        ,,1200,n,,300,n,,Tin
Titanium Tetrachloride (7550-45-0),7550-45-0,14000,n,60000,n,0.01,n,0.044,n,0.021,n,,        ,n,,Titanium Tetrachloride
Toluene (108-88-3),108-88-3,490,n,4700,ns,520,n,2200,n,110,n,1000,0.076,n,0.69,Toluene
"Toluene-2,4-diisocyanate (584-84-9)",584-84-9,0.64,n,2.7,n,0.00083,n,0.0035,n,0.0017,n,,2.5E-05,n,,"Toluene-2,4-diisocyanate"
"Toluene-2,5-diamine (95-70-5)",95-70-5,1.3,n,13,c**,        ,,        ,,0.4,n,,0.00012,n,,"Toluene-2,5-diamine"
"Toluene-2,6-diisocyanate (91-08-7)",91-08-7,0.53,n,2.2,n,0.00083,n,0.0035,n,0.0017,n,,2.6E-05,n,,"Toluene-2,6-diisocyanate"
"Toluic Acid, p- (99-94-5)",99-94-5,32,n,410,n,        ,,        ,,9,n,,0.0023,n,,"Toluic Acid, p-"
"Toluidine, o- (Methylaniline, 2-) (95-53-4)",95-53-4,34,c,140,c,0.055,c,0.24,c,4.7,c,,0.002,c,,"Toluidine, o- (Methylaniline, 2-)"
"Toluidine, p- (106-49-0)",106-49-0,18,c**,77,c**,        ,,        ,,2.5,c**,,0.0011,c**,,"Toluidine, p-"
Total Petroleum Hydrocarbons (Aliphatic High) (E1790670),E1790670,23000,ns,350000,nms,        ,,        ,,6000,n,,240,n,,Total Petroleum Hydrocarbons (Aliphatic High)
Total Petroleum Hydrocarbons (Aliphatic Low) (E1790666),E1790666,52,n,220,ns,63,n,260,n,130,n,,0.88,n,,Total Petroleum Hydrocarbons (Aliphatic Low)
Total Petroleum Hydrocarbons (Aliphatic Medium) (E1790668),E1790668,9.6,ns,44,ns,10,n,44,n,10,n,,0.15,n,,Total Petroleum Hydrocarbons (Aliphatic Medium)
Total Petroleum Hydrocarbons (Aromatic High) (E1790676),E1790676,250,n,3300,n,        ,,        ,,80,n,,8.9,n,,Total Petroleum Hydrocarbons (Aromatic High)
Total Petroleum Hydrocarbons (Aromatic Low) (E1790672),E1790672,8.2,n,42,n,3.1,n,13,n,3.3,n,,0.0017,n,,Total Petroleum Hydrocarbons (Aromatic Low)
Total Petroleum Hydrocarbons (Aromatic Medium) (E1790674),E1790674,11,n,60,n,0.31,n,1.3,n,0.55,n,,0.0023,n,,Total Petroleum Hydrocarbons (Aromatic Medium)
Toxaphene (8001-35-2),8001-35-2,0.49,c,2.1,c,0.0088,c,0.038,c,0.071,c,3,0.011,c,0.46,Toxaphene
Tralomethrin (66841-25-6),66841-25-6,47,n,620,n,        ,,        ,,15,n,,5.8,n,,Tralomethrin
Triacetin (102-76-1),102-76-1,510000,nm,6600000,nm,        ,,        ,,160000,n,,45,n,,Triacetin
Triadimefon (43121-43-3),43121-43-3,210,n,2800,n,        ,,        ,,63,n,,0.05,n,,Triadimefon
Triallate (2303-17-5),2303-17-5,9.7,c*,46,c*,        ,,        ,,0.47,c*,,0.001,c*,,Triallate
Triasulfuron (82097-50-5),82097-50-5,63,n,820,n,        ,,        ,,20,n,,0.021,n,,Triasulfuron
Tribenuron-methyl (101200-48-0),101200-48-0,51,n,660,n,        ,,        ,,16,n,,0.0061,n,,Tribenuron-methyl
"Tribromobenzene, 1,2,4- (615-54-3)",615-54-3,39,n,580,n,        ,,        ,,4.5,n,,0.0064,n,,"Tribromobenzene, 1,2,4-"
"Tribromophenol, 2,4,6- (118-79-6)",118-79-6,57,n,740,n,        ,,        ,,12,n,,0.022,n,,"Tribromophenol, 2,4,6-"
Tributyl Phosphate (126-73-8),126-73-8,60,c**,260,c**,        ,,        ,,5.2,c**,,0.025,c**,,Tributyl Phosphate
Tributyltin Compounds (E1790678),E1790678,1.9,n,25,n,        ,,        ,,0.6,n,,        ,n,,Tributyltin Compounds
Tributyltin Oxide (56-35-9),56-35-9,1.9,n,25,n,        ,,        ,,0.57,n,,29,n,,Tributyltin Oxide
"Trichloro-1,2,2-trifluoroethane, 1,1,2- (76-13-1)",76-13-1,670,n,2800,ns,520,n,2200,n,1000,n,,2.6,n,,"Trichloro-1,2,2-trifluoroethane, 1,1,2-"
Trichloroacetic Acid (76-03-9),76-03-9,7.8,c*,33,c*,        ,,        ,,1.1,c*,60,0.00022,c*,0.012,Trichloroacetic Acid
"Trichloroaniline HCl, 2,4,6- (33663-50-2)",33663-50-2,19,c,79,c,        ,,        ,,2.7,c,,0.0074,c,,"Trichloroaniline HCl, 2,4,6-"
"Trichloroaniline, 2,4,6- (634-93-5)",634-93-5,0.19,n,2.5,n,        ,,        ,,0.04,n,,0.00036,n,,"Trichloroaniline, 2,4,6-"
"Trichlorobenzene, 1,2,3- (87-61-6)",87-61-6,6.3,n,93,n,        ,,        ,,0.7,n,,0.0021,n,,"Trichlorobenzene, 1,2,3-"
"Trichlorobenzene, 1,2,4- (120-82-1)",120-82-1,5.8,n,26,n,0.21,n,0.88,n,0.4,n,70,0.0012,n,0.2,"Trichlorobenzene, 1,2,4-"
"Trichloroethane, 1,1,1- (71-55-6)",71-55-6,810,ns,3600,ns,520,n,2200,n,800,n,200,0.28,n,0.07,"Trichloroethane, 1,1,1-"
"Trichloroethane, 1,1,2- (79-00-5)",79-00-5,0.15,n,0.63,n,0.021,n,0.088,n,0.041,n,5,1.3E-05,n,0.0016,"Trichloroethane, 1,1,2-"
Trichloroethylene (79-01-6),79-01-6,0.41,n,1.9,n,0.21,n,0.88,n,0.28,n,5,0.0001,n,0.0018,Trichloroethylene
Trichlorofluoromethane (75-69-4),75-69-4,2300,ns,35000,ns,        ,,        ,,520,n,,0.33,n,,Trichlorofluoromethane
"Trichlorophenol, 2,4,5- (95-95-4)",95-95-4,630,n,8200,n,        ,,        ,,120,n,,0.4,n,,"Trichlorophenol, 2,4,5-"
"Trichlorophenol, 2,4,6- (88-06-2)",88-06-2,6.3,n,82,n,0.91,c,4,c,1.2,n,,0.0012,n,,"Trichlorophenol, 2,4,6-"
"Trichlorophenoxyacetic Acid, 2,4,5- (93-76-5)",93-76-5,63,n,820,n,        ,,        ,,16,n,,0.0068,n,,"Trichlorophenoxyacetic Acid, 2,4,5-"
"Trichlorophenoxypropionic acid, -2,4,5 (93-72-1)",93-72-1,51,n,660,n,        ,,        ,,11,n,50,0.0061,n,0.028,"Trichlorophenoxypropionic acid, -2,4,5"
"Trichloropropane, 1,1,2- (598-77-6)",598-77-6,39,n,580,n,        ,,        ,,8.8,n,,0.0035,n,,"Trichloropropane, 1,1,2-"
"Trichloropropane, 1,2,3- (96-18-4)",96-18-4,0.0051,c*,0.11,c*,0.031,n,0.13,n,0.00075,c*,,3.2E-07,c*,,"Trichloropropane, 1,2,3-"
"Trichloropropene, 1,2,3- (96-19-5)",96-19-5,0.073,n,0.31,n,0.031,n,0.13,n,0.062,n,,3.1E-05,n,,"Trichloropropene, 1,2,3-"
Tricresyl Phosphate (TCP) (1330-78-5),1330-78-5,130,n,1600,n,        ,,        ,,16,n,,1.5,n,,Tricresyl Phosphate (TCP)
Tridiphane (58138-08-2),58138-08-2,19,n,250,n,        ,,        ,,1.8,n,,0.013,n,,Tridiphane
Triethylamine (121-44-8),121-44-8,12,n,48,n,0.73,n,3.1,n,1.5,n,,0.00044,n,,Triethylamine
Triethylene Glycol (112-27-6),112-27-6,13000,n,160000,nm,        ,,        ,,4000,n,,0.88,n,,Triethylene Glycol
"Trifluoroethane, 1,1,1- (420-46-2)",420-46-2,1500,n,6200,ns,2100,n,8800,n,4200,n,,13,n,,"Trifluoroethane, 1,1,1-"
Trifluralin (1582-09-8),1582-09-8,59,n,420,c**,        ,,        ,,2.6,c**,,0.084,c**,,Trifluralin
Trimethyl Phosphate (512-56-1),512-56-1,27,c**,110,c**,        ,,        ,,3.9,c**,,0.00086,c**,,Trimethyl Phosphate
"Trimethylbenzene, 1,2,3- (526-73-8)",526-73-8,34,n,200,n,6.3,n,26,n,5.5,n,,0.0081,n,,"Trimethylbenzene, 1,2,3-"
"Trimethylbenzene, 1,2,4- (95-63-6)",95-63-6,30,n,180,n,6.3,n,26,n,5.6,n,,0.0081,n,,"Trimethylbenzene, 1,2,4-"
"Trimethylbenzene, 1,3,5- (108-67-8)",108-67-8,27,n,150,n,6.3,n,26,n,6,n,,0.0087,n,,"Trimethylbenzene, 1,3,5-"
"Trimethylpentene, 2,4,4- (25167-70-8)",25167-70-8,78,ns,1200,ns,        ,,        ,,6.5,n,,0.022,n,,"Trimethylpentene, 2,4,4-"
Tri-n-butyltin (688-73-3),688-73-3,2.3,n,35,n,        ,,        ,,0.37,n,,0.0082,n,,Tri-n-butyltin
"Trinitrobenzene, 1,3,5- (99-35-4)",99-35-4,220,n,3200,n,        ,,        ,,59,n,,0.21,n,,"Trinitrobenzene, 1,3,5-"
"Trinitrotoluene, 2,4,6- (118-96-7)",118-96-7,3.6,n,51,n,        ,,        ,,0.98,n,,0.0057,n,,"Trinitrotoluene, 2,4,6-"
Triphenylphosphine Oxide (791-28-6),791-28-6,130,n,1600,n,        ,,        ,,36,n,,0.15,n,,Triphenylphosphine Oxide
"Tris(1,3-Dichloro-2-propyl) Phosphate (13674-87-8)",13674-87-8,130,n,1600,n,        ,,        ,,36,n,,0.8,n,,"Tris(1,3-Dichloro-2-propyl) Phosphate"
Tris(1-chloro-2-propyl)phosphate (13674-84-5),13674-84-5,63,n,820,n,        ,,        ,,19,n,,0.065,n,,Tris(1-chloro-2-propyl)phosphate
"Tris(2,3-dibromopropyl)phosphate (126-72-7)",126-72-7,0.28,c,1.3,c,0.0043,c,0.019,c,0.0068,c,,0.00013,c,,"Tris(2,3-dibromopropyl)phosphate"
Tris(2-chloroethyl)phosphate (115-96-8),115-96-8,27,c**,110,c**,        ,,        ,,3.8,c**,,0.0038,c**,,Tris(2-chloroethyl)phosphate
Tris(2-ethylhexyl)phosphate (78-42-2),78-42-2,170,c**,720,c*,        ,,        ,,24,c**,,120,c**,,Tris(2-ethylhexyl)phosphate
Tungsten (7440-33-7),7440-33-7,6.3,n,93,n,        ,,        ,,1.6,n,,0.24,n,,Tungsten
Uranium (Soluble Salts) (E715565),E715565,1.6,n,23,n,0.0042,n,0.018,n,0.4,n,30,0.18,n,14,Uranium (Soluble Salts)
Urethane (51-79-6),51-79-6,0.12,c,2.3,c,0.0035,c,0.042,c,0.025,c,,5.6E-06,c,,Urethane
Vanadium and Compounds (7440-62-2),7440-62-2,39,n,580,n,0.01,n,0.044,n,8.6,n,,8.6,n,,Vanadium and Compounds
Vanadium Pentoxide (1314-62-1),1314-62-1,66,n,840,n,0.00034,c**,0.0015,c**,15,n,,        ,n,,Vanadium Pentoxide
Vernolate (1929-77-7),1929-77-7,7.8,n,120,n,        ,,        ,,1.1,n,,0.00089,n,,Vernolate
Vinclozolin (50471-44-8),50471-44-8,7.6,n,98,n,        ,,        ,,2.1,n,,0.0016,n,,Vinclozolin
Vinyl Acetate (108-05-4),108-05-4,91,n,380,n,21,n,88,n,41,n,,0.0087,n,,Vinyl Acetate
Vinyl Bromide (593-60-2),593-60-2,0.12,c**,0.52,c**,0.088,c**,0.38,c**,0.18,c**,,5.1E-05,c**,,Vinyl Bromide
Vinyl Chloride (75-01-4),75-01-4,0.059,c,1.7,c*,0.17,c*,2.8,c*,0.019,c,2,6.5E-06,c,0.00069,Vinyl Chloride
Warfarin (81-81-2),81-81-2,1.9,n,25,n,        ,,        ,,0.56,n,,0.00059,n,,Warfarin
"Xylene, m- (108-38-3)",108-38-3,55,n,240,n,10,n,44,n,19,n,,0.019,n,,"Xylene, m-"
"Xylene, o- (95-47-6)",95-47-6,65,n,280,n,10,n,44,n,19,n,,0.019,n,,"Xylene, o-"
"Xylene, P- (106-42-3)",106-42-3,56,n,240,n,10,n,44,n,19,n,,0.019,n,,"Xylene, P-"
Xylenes (1330-20-7),1330-20-7,58,n,250,n,10,n,44,n,19,n,10000,0.019,n,9.9,Xylenes
Zinc and Compounds (7440-66-6),7440-66-6,2300,n,35000,n,        ,,        ,,600,n,,37,n,,Zinc and Compounds
Zinc Phosphide (1314-84-7),1314-84-7,2.3,n,35,n,        ,,        ,,0.6,n,,        ,n,,Zinc Phosphide
Zineb (12122-67-7),12122-67-7,320,n,4100,n,        ,,        ,,99,n,,0.29,n,,Zineb
Zirconium (7440-67-7),7440-67-7,0.63,n,9.3,n,        ,,        ,,0.16,n,,0.48,n,        ,Zirconium
